name,age,street,city,state,zip,lng,lat
Lisa Frazier,63,32553 Baldwin Passage Apt. 293,North Georgeborough,New Hampshire,30274,168.768330,39.4881425
Monica Bennett,69,597 Amanda Crossing,Ritaside,Wyoming,28400,-64.491376,14.5115465
Christopher Collins,18,56249 Emily Unions Suite 621,West Melissaport,Colorado,10285,-40.089298,-83.322038
Joseph Sanders,26,7523 Christopher Gateway,Larsonburgh,Virginia,99720,96.585636,-15.7358885
Jeff Liu,22,19700 Matthew Greens Apt. 852,Lake Patrickfort,Washington,14655,-112.542087,71.3265895
Thomas Burns,43,163 Mcconnell Rapid Suite 731,Jerrymouth,Oklahoma,96134,-73.740261,-86.458926
Christine Joseph,21,61318 George Walk,South Timothy,Kansas,38836,-165.554753,15.0081655
Raymond Fry,62,814 Charles Circle Suite 330,West Rachel,South Dakota,22358,-158.638002,78.8565445
Randall Valentine,59,7325 Michael Curve,New Alexander,South Dakota,92258,-86.901757,53.368265
Stephen Thomas,30,834 Perez Drive,Davidside,Virginia,39492,126.061245,15.078737
Anne Martinez,66,88758 Annette Trafficway Apt. 658,East Brandonhaven,Wyoming,19821,-15.822237,-52.230979
Ralph White,18,929 Juan Rue,Williamsfort,Utah,14274,-59.573085,20.1323045
Scott Phillips,61,1927 Soto Lane Apt. 667,West Victoriaside,Kansas,27798,39.035922,-16.8722735
Amy Pratt,72,893 Clark Stream Suite 110,New Kelseyborough,Nebraska,70291,153.295072,-36.7935805
Angela Campbell,75,8685 Timothy Trafficway Suite 405,New Elizabeth,Indiana,77801,16.494807,-58.5731985
Brittany Young,36,0753 James Lane,Martinezberg,West Virginia,27092,101.733303,-23.061573
Cassandra Martinez,80,190 Mccarthy Mission Apt. 672,Brandonberg,Montana,61033,-72.390182,-23.9554905
Jennifer Brock,23,862 Raymond Pines,West Terrance,Connecticut,36491,-17.594181,-15.1921545
Richard Weaver,40,30195 Johnson Lights Suite 396,Kingshire,New Jersey,09020,41.157278,23.2735465
Brenda Acosta,49,7163 Phyllis Loaf,Davidside,New Jersey,18954,-117.501730,61.992124
Eric Guerra,52,222 Kristen Walks Apt. 616,Lake Tylerville,Missouri,17530,-87.448832,-62.521236
Tiffany Clark,42,056 Jones Trafficway Suite 964,New Michael,Kansas,04485,18.903899,30.9401915
Christine Bailey,34,923 Alexander Forest Suite 052,Kerrchester,North Carolina,51093,77.643607,62.6727875
Aaron Oneill,18,75628 Jones Plain Suite 516,New Andrea,Oregon,10815,3.958394,-14.7412425
Dawn Wright,64,245 Nicole Brooks,East Deborah,Vermont,36405,142.785749,-77.721108
Kelly Thompson,34,048 Butler Isle Suite 675,New Michaeltown,Kentucky,29342,-22.937107,46.070518
Linda Snyder,71,626 Kristin Forges,Lake Christophershire,Louisiana,39004,20.433025,-57.5739865
Rachel Scott,22,395 Sims Squares Suite 178,Williamshaven,Arizona,19857,-56.877060,23.2239345
Logan Diaz,74,030 Ramirez Pine,Dennisport,North Dakota,30671,51.626129,-47.821538
Roberto Gray,60,4346 Teresa Path Apt. 425,Lake Kyle,Arkansas,19612,147.450598,-0.731086
Jennifer Rogers,74,36525 Williams Prairie Suite 601,Lake Brianview,New Hampshire,16861,-166.827857,-16.498181
Amber Savage,25,90161 Laurie Lodge Apt. 899,Beanstad,New Jersey,93174,-179.473763,-4.664350
John Fields,47,2610 Shelby Throughway,Lake Jenniferbury,South Carolina,49661,38.420954,88.323779
Karen Jones,47,438 Felicia Roads Apt. 760,Penningtontown,Virginia,63964,-91.979217,82.7447805
Alexis Hatfield,48,039 Martin Points Suite 950,Port Randyberg,Illinois,76756,-81.496093,85.637827
Melissa Green,44,68980 Michael Course,Boydbury,New Mexico,10099,-76.009317,36.366919
Ian Fields,29,45893 Alicia Wells,East Dianatown,Louisiana,25602,98.250847,-51.1005295
Mr. Donald Stone II,51,93685 Amy Cape Suite 821,Nathanville,New Hampshire,77271,-93.715706,28.356548
Brian King,60,3002 Jeff Isle,Maxwelltown,Wyoming,18214,112.279390,30.833679
Shelly Allen,28,95524 Lee Canyon,East Lisaburgh,Wyoming,78079,-170.518634,18.8053615
Joseph Hickman,50,51315 Carlson Field,Williamsmouth,Maine,15215,83.847302,26.6179335
John Turner,24,0752 Rodriguez Village Suite 292,Lake Thomasburgh,Mississippi,70391,162.340972,-19.645549
Lindsey Randall,73,92110 Benson Turnpike,South Toddside,Mississippi,39521,116.701100,83.142134
Julie Carney,75,5359 Emma Hill,Tamarafort,California,83789,-101.011452,-47.1498615
Kirk Byrd,53,5690 Shane Pine Apt. 053,Ayalaburgh,Idaho,31437,75.474964,-13.3350585
Jacob Spencer,65,751 Kelly Cliffs,Lisaport,Arizona,90388,22.954569,-85.2268145
Randy Sullivan,74,30981 Mindy Mills Apt. 580,Williamview,Wisconsin,77352,-172.497963,-45.5365245
Jesus Garcia,63,822 James Garden,Wadestad,West Virginia,94950,-40.956231,8.530207
James Simpson,68,440 Pamela Flats Suite 091,Johnton,Alaska,07182,-147.697354,-52.8688395
Robert Gutierrez,46,0883 Gray Garden,Port Jenniferstad,Georgia,35035,52.398786,-86.1754305
Jeffrey Lee,71,2017 Mccullough Squares Suite 286,Hodgesview,Georgia,24187,68.544493,-63.063504
Stephanie Burns,57,74667 Fisher Locks Apt. 416,Ericchester,Oklahoma,64606,-9.443696,-13.667414
Jonathan Patterson,30,2731 Hill Plain Apt. 168,South Samantha,Michigan,11661,137.974886,88.0546275
Yvonne Goodman,48,76149 Joshua Shoal,Port Sherriton,Oklahoma,83394,178.037322,-44.2742145
Brandon Jackson,56,94218 Brandon Light Apt. 681,Port Terri,New Mexico,57309,-23.999249,20.518578
Joy Robinson,24,69757 Jennifer Oval Apt. 621,Lake Jenniferview,Rhode Island,86108,-96.090574,69.198838
Elizabeth Taylor,64,2044 Deleon Pass Apt. 909,Jessicamouth,Delaware,38055,104.811407,38.1134665
Ronald Maldonado,39,055 Thomas Fall,East Charlesshire,Pennsylvania,46899,-1.871981,63.0138575
Meagan Glass,31,779 Mark Dam,Longmouth,New York,55054,-3.355718,-0.6776695
Sara Evans,27,5333 Garrett Canyon,Wiseton,South Carolina,53364,42.421276,-65.2219165
Hannah Fitzpatrick,26,58030 Calhoun Groves,Duaneshire,Florida,22206,-62.554874,4.0634195
Mitchell Perez,31,74896 Pamela Estate Suite 770,South Daniel,Connecticut,24274,77.088785,-82.9242935
Donald Johnson,75,40378 Tracy Hollow,Estradatown,Washington,09767,75.990774,59.032403
Nicholas Murphy,37,027 Atkins Shoals,Port Saraside,New York,34996,-143.265127,-33.975592
Ryan Myers,26,8937 Julie Drive,West Jamesstad,Arkansas,59828,-2.052821,1.201510
Alison Hicks,23,9666 Marc Mills,Dudleybury,New Jersey,85410,89.063551,83.4470635
Phillip Robertson,25,5290 Andrade Ranch Apt. 396,North Jamesport,Alabama,56669,-38.573946,-31.0879845
Christopher Berg,39,642 Smith Summit,Lake Ricky,Ohio,42991,-32.761011,-1.2637265
Donna Ward,56,4731 Brown Inlet,Lake Alan,Utah,81928,134.100205,68.423995
Steven Little,20,358 Joseph Drive Apt. 484,Aguilarland,New York,26462,-71.706372,-17.577678
Austin Ferguson,49,6490 Jennifer Vista,West Jacob,California,22502,-160.780927,-23.5987705
Dr. Scott Rosales,20,1365 Gilbert Spur,Lamberttown,Ohio,63038,39.189858,-35.472206
Jamie Cole,48,59252 Tiffany Ports Suite 979,Youngshire,Wisconsin,22674,113.663885,87.237352
Monica Hall,29,066 Davis Lock Apt. 091,North Christopher,Louisiana,18410,-9.555801,71.867983
Emily Williams,45,08793 Arnold Isle,Johnhaven,Iowa,55175,15.133179,19.6619365
Karen Taylor,63,872 Michelle Pike Apt. 734,Port Theresa,Delaware,41996,-77.609315,56.2485545
Molly Clarke,38,67970 Cervantes Tunnel Suite 041,Jenniferport,Minnesota,64298,89.325156,-56.2256065
Rebecca Decker,76,028 Williams Drive Apt. 993,Port Michael,Alaska,94993,149.252711,-86.8322915
Alexandra Hubbard,37,903 Erica Falls,South Michael,Utah,57693,-63.728756,38.9250325
Victor Kelley,75,8261 Sparks Hills,Shannonside,Kentucky,47716,6.557657,18.958352
Robin Burnett,67,28755 Rodriguez Ferry Apt. 796,Davidview,California,71832,-59.964535,33.804461
Tracy Jackson,29,201 Allen Turnpike Apt. 159,Freemanstad,Tennessee,03172,-27.165136,-67.1741825
Kyle Johnson,61,209 Michael Radial,East Gregoryburgh,Colorado,39567,-109.177261,38.172592
Benjamin Cruz,30,1162 Jackson Drive Suite 452,Hamptonland,Wisconsin,52045,106.812951,-77.5470375
Kathryn Brooks,77,739 Soto Course Suite 661,South Edward,Massachusetts,59812,43.579318,88.382623
Laura Miller,29,9138 Moore Island,West Paul,Utah,26838,-12.299958,-59.485233
Dennis Smith,28,62785 Todd Mills,New Kristaburgh,Illinois,27121,26.291975,-16.8245255
Todd Mcknight,67,0289 Randall Overpass Suite 688,Lisaview,Kansas,51380,-146.996053,-29.734509
Jason Farley,34,282 Joanne Lodge,Anthonyside,Massachusetts,00586,-7.456015,-36.518355
David Brown,70,19700 Alexis Crest Suite 966,Kimberlyview,Texas,82469,-153.136795,-51.999433
Amy Graham,73,87025 Andres Rest,Laurachester,Connecticut,01362,58.035776,48.616503
Adam Larson,55,313 Erin Station,West Brianside,Rhode Island,78495,16.728076,16.440608
Terry Carter,28,150 Adkins Mountains,Reginafort,Nevada,70949,-106.488624,-66.066478
Leslie Jensen DDS,20,5437 Alejandro Pines Apt. 917,East Kevin,Connecticut,62715,72.739659,-13.5310145
Sarah Phillips,26,59491 Hernandez Neck,Sullivanville,Wisconsin,77285,-143.198598,-39.888127
Keith Combs,43,6095 Lee Falls Suite 204,New Jefferyland,Utah,46815,-159.866670,53.2699755
Veronica Willis,78,879 Gabriel Loop Apt. 503,New Douglas,Florida,07485,-2.007944,3.5045505
Jennifer Hicks,58,27239 Emily Run Apt. 364,South Joshua,Hawaii,89689,141.247560,4.5066675
Curtis Randall,33,171 Robin Green,Sarafurt,Kansas,96030,18.957735,-85.4314175
Oscar West,62,9555 Paul Mountain,Shawbury,Pennsylvania,50097,-55.287744,71.8365405
Kyle Mills,58,2989 Silva Ville Apt. 150,South Tannerhaven,Kentucky,35751,-132.897748,73.599072
David Galvan,18,2523 Green Groves,East Lynnland,Ohio,42095,129.674524,-32.8426485
Tyler Huerta,21,6254 Boyd Overpass,Watkinsland,Florida,20568,-166.122011,32.375276
Greg Davidson,74,83568 Valerie Way Apt. 866,Johnview,Missouri,57658,107.650278,29.3446735
Lori Lee,54,9507 Hudson Port,Lake Brittanymouth,Minnesota,70832,29.051461,-74.096360
Carl Miller DDS,40,644 Sarah Crescent,Ericville,Michigan,88068,-19.991771,-29.6132225
Jessica Myers,63,94321 Laura Spring,Reynoldsborough,Louisiana,38047,72.404060,-34.2539835
Michael Burgess,41,098 Brooks Mills Suite 559,Lake Jamesshire,Washington,87572,-22.344365,-77.811113
Krista Crane,32,213 Logan Heights,Robertchester,Arizona,12726,-36.161057,-16.804551
Kelsey Robertson,53,32338 Beth Port,North Alexandriaside,South Dakota,24528,-47.107123,14.149769
Andrew Thomas,43,437 Heidi Villages Apt. 950,Schneiderberg,Pennsylvania,39901,-115.620027,28.8677205
John Bright,75,438 Martinez Islands,West Robertaberg,Nebraska,96592,57.335319,3.3693415
Brandon Cruz,27,001 Emily Vista Apt. 818,East Lucasport,Louisiana,83371,-103.538302,44.1654795
Breanna Caldwell,58,773 David Trafficway,New Christinefurt,Alabama,30862,-111.825671,82.192391
Stacey Rogers,44,15817 Carrillo Meadow,Lake James,Wyoming,48286,-21.759021,-89.180312
Brooke Anderson,45,29619 Sheri Parkway Apt. 777,South Ashley,Kentucky,89677,157.603416,-18.1966095
Louis Schneider,37,77908 Petty Isle Apt. 118,New Steven,Vermont,35365,-116.817446,-36.283191
Mary Combs,51,7513 Everett Freeway,New Matthew,New Jersey,79282,-98.706063,78.0471815
Cathy Perez,64,54690 Mueller Stravenue Apt. 004,South Roberthaven,Tennessee,64536,-62.179066,-50.5280595
Karen Kennedy,19,9946 Cynthia Land Apt. 743,West Jasonchester,Louisiana,12765,57.828647,-81.6277065
Valerie Murray,29,351 Dudley Points Suite 741,South Wesleyhaven,Virginia,54288,-92.218357,61.9765225
Shane Ayala,78,221 Alicia Viaduct Apt. 140,Wardburgh,Alabama,86046,-79.218136,16.4368465
Cristian Cobb,66,520 Bray Light Suite 139,Lake Teresafurt,Montana,22352,-148.756698,36.934019
Steven Smith,58,26457 Tony Stream Apt. 213,Owenbury,Kentucky,54564,-170.453016,-10.976532
Crystal Johnson,33,8147 Bradley Ranch,New Johntown,Maryland,40276,65.067134,21.3913185
Brian Davies MD,66,79665 Walker Ports Apt. 422,West Paul,California,14459,23.289344,52.767165
Cheryl Jones,52,156 Cristian Plaza Suite 115,Mccarthyville,North Carolina,58210,10.530902,35.7846745
Terry Ibarra MD,66,85160 Gallagher Roads,New Thomas,North Carolina,91944,-46.932318,84.291267
Kelly Martin PhD,24,4199 Johnathan Club,Rebeccamouth,South Carolina,61302,-71.151130,-38.893353
Michele Nicholson,73,5476 Elliott Islands Apt. 861,Crosbyville,Minnesota,00768,45.552685,12.926819
Tricia Wallace,57,278 Mcpherson Club,Hansentown,Nebraska,23461,151.988741,83.336510
Cory Crawford,79,8060 Brown Shoals Suite 664,Rachelton,Nebraska,85629,1.491424,-83.7180815
Tyler Martin,55,126 Singh Shore,New Heather,New Jersey,45035,76.867948,9.0196085
Kristin Drake,47,522 Jacob Mews Suite 311,New Cynthiafurt,Minnesota,83734,153.703131,-73.559619
John Perez,49,238 Sandy Mountains,Frenchmouth,Massachusetts,83864,82.704293,58.1361415
Jeffery Silva,57,6193 Jessica Forges Apt. 956,New Richardview,Colorado,24566,-174.516409,-38.6147155
Edward Moon,78,585 Holt Gateway,Chanside,Nebraska,73395,-147.590032,-67.111658
John Pollard,72,3213 Juan Highway Apt. 134,South Jennyville,Ohio,58606,47.280631,34.851309
Jill Mcdowell,72,8294 Mendoza Lakes,North Lauren,Maryland,15973,160.981077,50.7438355
Chad Chang,22,174 Campbell Locks,Jonesburgh,New Jersey,46436,74.435413,62.236559
David Matthews,29,503 Turner Ramp Apt. 751,Hoffmanside,Maine,43437,63.767041,67.1875195
Robin Ballard,65,8556 Cory Landing Suite 011,Port Sandyburgh,New Mexico,79303,117.345249,85.953668
Sharon Miller,26,38933 Steven Pass Apt. 554,Mathisview,California,33540,-35.779460,82.9637495
Sharon Delacruz,78,4103 Julia Vista,Port Markburgh,Kentucky,98921,-4.565325,31.738629
Jenna Boone,27,8661 Jonathon Spurs,Forbesmouth,Maine,18802,149.035438,-16.4260545
Sarah Knight,60,435 Christopher Lane Apt. 132,Petersonhaven,South Carolina,15558,-60.748587,33.118633
Blake Johnson,34,39652 Kim Plaza,New Lisafurt,Pennsylvania,69236,-153.391292,-24.074875
John Carlson,36,713 Merritt Rue Apt. 778,Onealchester,Alabama,56570,43.066500,-58.030148
Brittany Strong,40,838 Jordan Shore Suite 804,Tammymouth,California,00979,76.660826,-37.070732
Paul Lee,42,003 Michelle Mountain,Jenniferburgh,New Hampshire,02949,38.611290,36.4493355
April Morris,75,82865 Gary Prairie Suite 368,Hodgesberg,Nebraska,17310,28.353233,63.041001
Mrs. Erica Flores MD,25,3147 Daniel Place Apt. 796,East Natalieview,New Hampshire,25714,-175.416876,9.5811935
Danielle Chambers DDS,45,33809 Kathy Overpass Apt. 161,New Susan,Nebraska,39106,-97.227687,-66.8475235
Jessica Rojas,29,658 Alyssa Square Apt. 616,Port Stephaniefort,Alabama,82529,143.147454,-28.641952
David Fleming,69,90077 Luke Springs Suite 968,Browningside,West Virginia,82092,-26.821172,75.2884155
Michael Chavez,74,096 Craig Flat Suite 101,New Jacobville,West Virginia,73831,141.031651,22.6682295
Austin Wheeler,73,19342 Navarro Path,Clarkmouth,North Dakota,92106,173.019932,22.172985
Darrell Howard,61,7979 Stewart Extensions,Wilsonville,Wisconsin,73452,168.420536,-66.596887
Katherine Moore,30,8410 Joel Plaza,Lake Jenniferside,Oregon,54264,51.942842,-50.2169335
Carrie Ortiz,27,50273 Santos Ford,Annaview,Maine,40397,-152.431352,-29.961387
Brandon Gates,55,01542 Hartman Drive,South Janeside,Michigan,29190,-74.173363,-36.576982
Cameron Crawford,60,010 Johnson Ford Suite 744,Biancastad,Colorado,22283,144.872663,-0.094151
Jonathan Gibson,74,04462 Garner Neck,Julieburgh,Georgia,70674,-80.183731,-77.802402
Brian Miller,57,398 Johnny Skyway,Lake Allison,Indiana,07511,-32.368425,72.935829
Angela Allen,18,669 Ashley Grove,New Patricia,Maine,76177,-125.529589,45.5631905
Robert Adams,62,5721 Anderson Summit Suite 530,New Jessicaside,Vermont,00810,19.495857,16.2598635
Cassandra Burgess,78,941 Harris Plains Apt. 594,North Daniel,New Mexico,61556,-72.318600,8.7667595
Jennifer Schmidt,79,139 Dawn Wall,North Dawnchester,South Dakota,77801,-165.529426,-44.4670535
Michael Murphy,60,1160 Kelly Harbor,Willishaven,Wisconsin,55790,-40.830421,-53.3017495
Kyle Wilson,39,989 Alyssa Lodge,West Tara,Virginia,31269,16.451870,-89.919202
Bruce Howard,33,25154 Howard Stream,North Pamelahaven,Maryland,86203,-59.654992,-52.5094055
Natalie Blair,74,0027 Brown Walk Apt. 662,Robinsonview,South Carolina,01988,157.597660,69.913078
Lisa Coleman,68,5933 Campos Landing Suite 009,Lake Lisa,Hawaii,41779,-140.486739,-16.713769
Suzanne Galloway,20,50714 Holder Islands,Port Meghan,Montana,82132,-81.219181,34.900223
Ashley Galvan,58,56672 Alexander Mountain,Lake Yvonneborough,Illinois,31508,-162.114350,-88.0652245
Mary Anderson,50,2588 Joseph Mission,West Crystal,Massachusetts,52346,-80.440259,20.848310
James Fields,35,465 Jose Inlet,Perezburgh,New Hampshire,17824,-177.199621,-33.9190795
Dawn Murphy,47,0247 Michelle Row,Rodriguezstad,Illinois,24700,149.745089,73.5750215
Kenneth Wood,41,8841 Fisher Canyon,Lake Benjaminberg,Delaware,19326,-59.100121,-32.7055865
Travis Petersen,79,9894 David Summit Suite 351,Brandonport,Georgia,04813,13.349790,-25.640573
Tony Aguilar,37,19634 Gregory Court,Ericksonbury,Alabama,12926,38.085487,43.0667395
Mr. Richard Stevens Jr.,67,47420 Snyder Islands,Port Kendrastad,North Dakota,45660,27.869248,29.2992925
Mike Armstrong,53,299 Julie Plains Suite 130,Barneston,Oregon,54452,-166.634129,-37.4912015
Veronica Hernandez,67,447 Dylan Parkway Suite 321,Trevorhaven,Delaware,89301,10.306177,-84.847382
Kimberly Guzman,71,460 Jamie Station Apt. 000,Cherylberg,Virginia,08219,-162.830903,55.507975
Jacob Long,21,2319 Brian Hollow,Port Stephaniemouth,South Carolina,78169,12.437904,-67.2892055
Stacey Gould,77,0433 Brian Tunnel Suite 194,Hughesmouth,New Hampshire,05777,-125.200199,-41.7942985
Taylor Rodriguez,35,446 Ruiz Crossing Suite 455,Daniellemouth,Idaho,76567,-50.152447,-35.981836
Annette Diaz,36,517 Robert Coves Suite 347,Codyborough,Pennsylvania,91831,-63.922644,32.496604
Timothy Coleman,73,78652 Brown Village Apt. 334,South Stanley,South Dakota,36047,1.719467,-43.514920
Mr. Joseph Cummings MD,19,0647 Torres Via Apt. 652,Richardburgh,Vermont,36158,-110.369571,82.7365385
Miss Elizabeth Mullins,69,8135 Alexander Harbor Apt. 193,Port Steven,South Carolina,80908,132.971872,-9.324559
Sean Cox,29,5275 Kayla Estates,Lake Tracieville,Georgia,50240,89.876370,-63.412172
Joshua Moore,43,6790 Ashley Crossroad Suite 294,West Keithshire,Iowa,57469,144.407119,-38.9728995
Jenna Mccoy,39,96377 Gibson Square Apt. 859,West Kristineview,Idaho,72319,11.492132,19.449361
Troy Carrillo,52,94110 Hebert Tunnel,Kimshire,Florida,06806,158.586864,43.312326
Erin Johnston,58,76560 Bryan Ways,Ericfort,Missouri,07716,55.165961,-53.380047
Mrs. Jennifer Garcia,79,63711 Michelle Divide Suite 026,East Elizabeth,Maryland,37670,32.824546,-42.5030945
Jade Delgado,33,623 Carolyn Spring Suite 549,Halltown,Nevada,15044,96.520912,41.9962875
Jamie Young,54,72632 Gerald Field,South Jaredfurt,Connecticut,28616,-109.509258,28.677546
Sarah Stephens,42,0264 Brian Land,South Stevebury,Wisconsin,39571,159.550969,63.127181
Jonathan Dunn,39,2490 Gloria Crescent,West Josephbury,Mississippi,90678,-91.570877,-8.288000
Richard Marquez,48,68936 Decker Stravenue Apt. 216,South Patrick,North Dakota,90095,-65.151842,-47.6355345
Jacob Compton,50,426 Kayla Crest,Heathershire,Alaska,34506,-144.244809,71.3168125
Michael Wilson,30,961 Daniel Trail,Stephenhaven,Idaho,65195,-149.133272,58.9628615
Julia Perez,19,14666 Emily Underpass Apt. 166,West Jennifer,Rhode Island,73873,-89.570504,-25.7595505
Michelle Deleon,24,710 Kelly Stravenue,South Andrew,Oregon,07120,-78.105432,-38.9339995
Donna Tucker,66,03828 Christine Divide,Shorthaven,New Hampshire,86601,-108.061747,-32.302250
Derrick Brown,70,4319 Hess Curve Apt. 029,Christopherchester,Wyoming,23609,17.630412,66.6567295
Susan Pacheco,34,93644 Sheri Crossing Apt. 517,Michaeltown,New Jersey,80338,161.450900,74.2097435
Taylor Woodard,40,46772 Finley Cove,New David,Kansas,13229,134.048630,-17.669121
Vincent White II,49,4476 Skinner Streets Suite 102,Tracychester,New Hampshire,36792,143.139321,31.484641
Melissa Mccormick,57,1237 Charles Ridges Apt. 909,New Stephaniehaven,Virginia,08521,10.032998,-2.6478515
Shawn Anderson,18,8947 Austin Unions Suite 091,North David,Vermont,73500,99.538999,-88.094723
Jorge Armstrong,58,001 Long Estate,North Latoya,Kentucky,61983,-70.546062,-17.6601395
Jessica Todd,47,895 Erica Walks Suite 575,Port Aaronborough,Nebraska,96009,77.894665,-84.442589
Joseph Gonzalez,40,33158 Guerra Forges Apt. 355,Candicetown,Massachusetts,70216,2.601567,-74.974041
Jennifer Smith,25,73137 Susan Shoal,West Ronaldmouth,Hawaii,26607,-130.728018,19.6731905
Jeffrey Hernandez,63,03916 Sally Lakes,Wilsonmouth,Tennessee,06788,153.379257,-42.423520
Virginia Brown,48,75449 Buchanan Trafficway,Johnbury,South Dakota,60273,-121.633246,-51.9618905
Wendy Lee,76,921 Lisa Curve Suite 326,New Amanda,New Mexico,09499,-34.235253,31.286343
Kerry Mays,76,255 Anderson Pike,Wheelerfurt,Wisconsin,17815,-49.348504,8.424385
Jeffrey Anderson,26,28484 Bates Islands,Heatherberg,Nevada,87432,154.551530,-78.1521385
Jasmine Conley,39,259 Cole Bridge Apt. 627,Williamschester,Minnesota,89714,161.287672,16.9906845
Cory Hoover,73,77737 Gutierrez Pike,Lake Amber,South Carolina,16937,-122.592018,50.524483
Desiree Patterson,73,455 Ashley Road Apt. 792,Allenland,Oklahoma,52136,-55.814432,-21.948060
Daniel Mills,51,0837 Andrew Ridge,New Ashleystad,Kentucky,02413,107.459096,82.0260765
Timothy Oconnor,67,74046 Kimberly Ridges,East David,Wyoming,75384,55.452264,-84.922565
Brian Johnson,24,9825 Abigail Pike Suite 257,Port Amandashire,Washington,42886,-134.393722,45.072009
Nichole Navarro,52,37327 Jessica Ports Apt. 254,Graceshire,Alabama,73867,-128.444930,-23.5952355
Barry Merritt,55,072 Williams Rest,West Kennethville,North Dakota,38381,177.355426,-71.779800
Jessica Thompson,78,62545 Calvin Dale,Hernandezport,Oklahoma,29248,-157.629479,-8.715937
Amy Gonzalez,51,39320 Galloway Wells Suite 593,Melindahaven,Kansas,33159,67.201306,13.984383
Ashley Carson,77,0343 Smith Light,South Sheila,North Dakota,29182,-123.764263,-53.886532
Karen Wilson,63,45799 Schmitt Stream Suite 568,Andersonmouth,Rhode Island,71443,-44.138666,-33.248968
Mary Baird,44,1041 Alicia Walk,Lake Alex,Michigan,54402,-152.652603,-6.5215515
James Vargas,58,761 James Trail Suite 480,South Christinemouth,Utah,98932,77.199639,-55.7510405
Eric Martinez,25,487 Candice Grove Suite 254,Prattberg,Louisiana,93594,-27.724066,-37.197950
Michele Brown,18,91345 David Ridge,East Amy,Missouri,82174,164.919438,-34.9882735
Edward Watts,77,5399 Brooks Path,Deleonmouth,Arizona,34619,112.768615,-63.733574
Michael Pugh,39,66938 Lauren Divide,South Cameronberg,New Hampshire,53876,-158.917617,54.976673
Troy Washington,59,2343 Christina Cliffs Suite 651,West Rachelstad,Ohio,82874,95.023311,-85.7683515
Frederick Perry,18,10238 Danielle Estates Suite 035,Johnsonshire,Connecticut,70974,53.722932,-45.8811195
Michael Matthews,49,6087 Nichols Vista Suite 953,Robinsonfurt,Kentucky,90414,-54.482000,26.7785995
William Knight,50,2315 Victor Rue Suite 072,Cruzfurt,Washington,91801,-179.130126,-73.0344915
Mathew Meyer,56,8537 Chris Forest,Markstad,Illinois,34048,112.308510,75.8902985
Michael Hays,23,6859 Collins Pines Apt. 313,Spencerberg,Rhode Island,60010,12.933217,27.175111
Jordan Butler,31,178 Stephanie Haven,East Jillhaven,Louisiana,63368,-23.519953,-69.963005
Amber Delacruz,29,73192 David Landing,South Maria,West Virginia,91257,-36.314651,-69.7943205
Julie Cannon,27,0748 Stephanie Stravenue Apt. 323,Port Laurenfurt,Arkansas,80206,133.365063,-15.589525
Joseph Cooley,52,3470 Sanders Corner Apt. 858,South Chelseafurt,Kentucky,44622,-82.893585,72.8520585
Shannon Rogers,35,664 Ibarra Light,New Rachelmouth,Idaho,76431,13.279718,-57.910551
William Smith,25,4092 Dixon Bridge,East Jermaineland,New York,96379,-21.609837,-60.9542415
Michael Robertson,36,06544 Brown Centers Apt. 306,Jamesport,Louisiana,56762,-64.348415,67.1112565
Debra Galvan,38,754 Morrison Ranch Suite 973,Edwardshaven,North Dakota,82122,25.537339,27.904927
Tracey Kemp,36,7126 Zhang Canyon Apt. 281,Lake Jeremiahburgh,Illinois,73890,26.620464,89.643122
Robin Guzman,57,4263 Torres Estate Apt. 207,Barryborough,Kansas,69625,62.833287,-31.5834555
Aaron Fisher,61,668 Wiggins Knolls Suite 449,West Tanya,North Dakota,75677,-99.303879,-76.445777
James Maldonado,69,225 Jeffrey Loop Suite 182,Nathantown,Wisconsin,54238,-38.167917,59.5168105
George Gordon,41,078 Williams Well,New Brendastad,Texas,98432,-19.609750,85.4880005
David Friedman,18,142 Karen Causeway,New James,Missouri,20185,143.160226,73.8054735
Christian Simon,36,95095 Garcia Junctions,Alexanderborough,Florida,51510,41.775184,-57.0307785
Nicholas Byrd,67,2825 Castaneda Ridge,South Mary,South Carolina,96990,-83.224266,-80.547782
Jerry Herring,29,85349 Nicole Mountain Suite 665,Perryhaven,North Dakota,42370,4.258399,51.783508
Teresa Gaines,37,0967 Michaela Port,Buchananburgh,Louisiana,30663,133.276088,20.087366
David Gill,40,899 Sara Village,Port Jodishire,Tennessee,13974,47.619221,-28.1900485
Travis Roberts,27,5042 Tiffany Manors,Smithfurt,New Hampshire,57259,-45.549684,4.212243
Sharon Johnson,42,6474 Evans Mission Suite 218,Pattersonville,Maine,65058,46.176657,15.5489345
Lori Matthews,67,41233 Jeff Highway,Lake Susanview,Ohio,93100,-12.117186,26.574210
Kelly Morgan,35,68033 Wilson Ridge Suite 944,Port Mitchell,Rhode Island,20474,-167.061215,5.8217555
Courtney Chen,63,610 Lauren Isle,Brooksville,Maine,16538,40.429403,82.505355
John Young,36,64014 Margaret Springs,East Katieland,Kansas,71829,119.351749,63.8263095
Albert Fox,78,579 Garcia Drive,North Aaronshire,Ohio,27378,142.923267,68.260465
William Brewer,39,2317 Rachel Drive,East Lisa,Florida,67408,-130.243964,78.636769
Jose Long,56,047 Joshua Plains Suite 483,Angelaberg,Illinois,46369,-165.895632,-26.797679
Adam Mills,62,1055 Renee Cape,Paulside,Massachusetts,88695,-142.816830,83.229385
Alan Sanchez,65,1263 Evans Lock,Lake Karenmouth,Tennessee,33452,82.897619,-38.7140915
Alyssa Miller,50,365 Ricky Plains Apt. 637,Barrystad,Maine,08340,49.769102,-14.933630
Lisa Alvarado,29,806 Marshall Circle Apt. 115,Hillport,New Mexico,60327,-51.857132,25.638147
Leonard Thomas,45,4288 Armstrong Wall,Tonyland,Wyoming,19944,46.938058,82.716706
Megan Alvarez,36,4653 Stewart Canyon,East Zachary,Mississippi,01161,-105.075851,57.897540
John Cardenas DDS,51,35357 King Spur,West Isaacfurt,Utah,31674,-68.554430,-74.9242225
Jeremy Norton,45,7096 Ware Square Apt. 944,North Marc,Indiana,33152,-89.707653,-29.7859135
Katelyn Carter,75,68862 Jefferson Place,Thomasbury,Hawaii,48265,138.597640,60.8131605
Veronica Hall,71,4816 Ramos Squares,Woodardstad,Maryland,63323,121.960016,-53.4210675
Alex Boyle,34,831 Austin Valleys Apt. 924,Kimborough,South Carolina,62885,-55.075041,-38.1757165
David Wallace,67,3137 Karen Village,Osbornberg,Virginia,33690,-9.760340,-6.5874285
Ashley Williams,52,9810 Jordan Pike Suite 191,Rileyberg,South Carolina,44499,-90.785236,75.6483665
Steven Hendricks,26,0429 Aaron Mills Suite 016,Lake Stacey,Vermont,92357,20.819524,66.283552
Kevin Morgan,23,156 Bill Brook Apt. 035,Lake Ralphbury,Nebraska,73066,-118.847517,23.9355365
Mercedes Little,65,26646 Jones Highway,Navarrofurt,Arizona,42600,16.278209,2.7432615
Ashley Schwartz,18,03476 Donna Parks,New Monica,Massachusetts,59959,55.583860,-1.3355485
Jeffrey Brown,46,411 Cruz Way Apt. 885,Port Christina,Michigan,73144,19.900681,-1.038838
Alejandro Peterson,34,8864 Sexton Ways,Danielport,Arkansas,78229,24.596542,-65.947043
Jeffery Garza,67,02783 Stacey Coves Apt. 109,Katherinetown,Alabama,87672,128.736402,38.9123525
Mary Randolph,74,182 Stacey Points,Steelestad,Rhode Island,65205,50.969059,33.7819995
Lauren Reyes,30,4683 Makayla Parkway,East Michael,New York,93757,-26.191066,-53.779193
William Olson,51,073 Michelle Parks Suite 574,Port Christianbury,South Dakota,88885,-71.640627,25.602186
Bonnie Simmons,41,05296 Tiffany Center,North Crystal,Ohio,17720,61.498428,10.777357
Michael Turner,45,29639 Hammond Gardens Apt. 892,Nicoleland,Maryland,82638,173.972427,-47.832832
Haley Barker,78,45186 Smith Course Apt. 977,South Kayla,Utah,25473,56.255414,38.1323535
Eric Park,63,5244 Wolf Port Suite 070,Noahhaven,North Dakota,72566,81.456121,-54.1998645
Elizabeth Spencer,62,24740 Tyler Village,Jacquelineberg,Maryland,08916,-67.654755,40.5697635
Melissa Gregory,19,43971 Hernandez Road,New Erin,Colorado,87768,149.559439,-26.958335
Melanie Smith,24,753 Tammy Square Apt. 148,Coryland,Florida,89524,115.058789,-11.335413
Tammy Anderson,67,04203 Murray Harbor,West Anthonymouth,Tennessee,28091,-47.570743,45.343807
Lori Armstrong,80,054 Jeffrey Path,Crossberg,Virginia,63697,167.421275,-30.6608915
Catherine Aguirre,28,5556 Annette Union Apt. 912,West Justinstad,Vermont,56083,-161.070484,-4.964423
Alicia Kelley,38,62810 Jessica Circles,Port Lauren,New Mexico,40700,-81.820628,76.081064
Kevin Barr,37,23617 Kristen Crossroad Apt. 427,Dawsonville,Arkansas,54941,-78.055014,34.604787
Brandon Pollard,75,78432 Evelyn Lodge,Stephensfurt,Indiana,64207,120.198132,-53.9118695
Elizabeth Vasquez,57,579 Hunt Stravenue,West Jordan,Utah,83892,-95.729319,35.312431
Kevin Carpenter,75,309 Jason Course,Santosberg,Iowa,22659,-119.475474,-12.500889
Justin Reynolds,40,485 James Shoal,Jodymouth,Louisiana,07825,125.760460,56.183646
Crystal White,69,13943 Charles Mountain Apt. 941,Port Laurafurt,South Carolina,86446,-9.448169,81.1254175
Christopher Baxter,30,0962 Ray Junctions Apt. 658,Pamelamouth,Alaska,06594,-35.913510,-45.284867
Mr. Ronald Gonzalez,28,135 Cristian Causeway,Barnesland,Wisconsin,13993,176.105612,-18.8208935
Mrs. Stephanie Jones,29,9654 Ferguson Ways Suite 597,Richardmouth,Idaho,70292,105.986638,86.596525
Steven Green,38,646 Ryan Run Apt. 406,West Heather,Nebraska,05620,27.857720,51.3495455
Charles Wagner,49,702 John Path Apt. 180,North Cheryl,California,97784,42.002931,34.433605
Michelle Warner,29,93614 Jason Ports Apt. 069,West Jason,Michigan,34307,134.928416,-0.6655075
Mary Roach,62,0191 Robertson Plains Apt. 309,Williamsland,Arkansas,86629,162.913877,87.7375765
Zachary Reed,67,258 Smith Mount,Tateshire,Iowa,56836,66.979036,-78.406826
Dominique Burns,72,3249 Sean Center,Port Kellybury,Colorado,82043,91.065939,35.145944
Jeffrey Carey,30,1837 Montgomery Camp,Kellermouth,South Carolina,94828,-179.186750,-26.4843085
Kim Martin,44,17372 Martinez Locks,Port Michelleshire,Arizona,98555,74.250498,37.345309
Erica Howard,52,973 Jane Square,Lake Brianville,Iowa,52275,72.237887,43.0391805
Jack Lawson,57,83888 Michael Brook Suite 605,Lake Kellyside,Michigan,88485,16.057443,-1.305374
Arthur Osborn,74,18400 Maria Circles,West Danielle,Montana,48966,5.599726,67.8611725
Alexandra Dunn,46,5929 Brittany Street,Samanthaland,Louisiana,53882,-117.141159,-44.631225
Jill Ortega,34,2971 Davis Radial,Shepardside,New Jersey,59645,-31.070174,-68.841463
Tyler West,23,045 Irwin Square Apt. 465,Lake Patrickchester,Idaho,83413,-107.273565,-28.748293
Michael Schmidt,26,049 Bridges Harbor,East Jesseport,Pennsylvania,08448,119.795551,-47.867378
Katie Huff,44,93620 Parks Isle Suite 712,Port Ginaport,Hawaii,44336,-47.656879,-18.778341
Brandi Ruiz,43,30586 Diaz Shoals,South Kathryn,New Hampshire,51577,169.363793,-45.2874015
Kirk Rice DDS,50,248 Taylor Summit Suite 580,Port Erin,North Carolina,02757,-174.899016,76.9341615
Jeffrey Johnson,59,221 Ray Ramp,Bennettstad,Minnesota,54459,-154.123296,61.047589
Courtney Hopkins,59,2675 Hodge Wall,Holderview,Idaho,22424,40.451229,50.6552875
Stephanie Lewis,71,8184 Morris Burgs Suite 880,North Oliviaberg,Hawaii,03836,155.022729,-2.611264
Zachary Vargas,68,53374 Claudia Isle,Jenniferview,New Hampshire,82897,57.896578,85.2099775
Beverly Mayer,67,10719 Parks Viaduct Apt. 439,Daviesside,Utah,23566,19.522031,-12.151046
Amy Taylor,33,61872 Rodriguez Lakes Apt. 997,Port Scott,Utah,32249,-51.337816,-29.526000
Donald Rios,52,050 Deborah Manors Suite 949,West Jason,Alabama,38117,-77.173770,64.5987255
Gregory Allen,47,102 Edwards Stravenue Suite 971,West Damon,Arizona,28873,132.256439,66.878541
Brandon Espinoza,42,93278 Williams Roads Apt. 031,West Toddtown,Louisiana,61480,-116.305916,84.4975595
Ashley Fisher,70,53059 Lee Freeway,New Lisa,Nevada,04956,81.018224,-83.9220835
Norman Ball,37,25352 Mary Ways,South Carlaland,Kansas,08486,168.688552,11.563212
Cassidy Griffin,65,21202 Edward Station Apt. 759,Leonardside,New Jersey,62025,-159.955594,30.5473965
Adrian Baker,24,0672 Taylor Mission Apt. 580,Johnsonberg,New Hampshire,49763,-116.767520,50.4408755
Dominic Bell,78,736 Benjamin Flat Apt. 670,Jonesberg,Missouri,94846,146.775022,24.3762705
Stephanie Porter,23,9512 Holt Squares Apt. 391,Cummingsville,Delaware,92586,-18.615257,-54.3921205
Amber Jackson,68,492 Denise Courts Suite 444,West Nancy,North Carolina,68910,143.164059,-32.0754225
Benjamin Rangel,46,3033 Alexandra Centers Apt. 964,Alejandromouth,South Carolina,85759,16.485670,0.684443
Daniel Peck,36,31231 Phillips Mission,Port Samanthamouth,Idaho,08000,86.376507,-4.775533
Jessica Williams,63,0657 Tammy Station Suite 465,Kyleberg,Wisconsin,40524,-25.144894,-49.1830435
Peter Gonzalez,80,749 Stephens Lane,West Richardville,Nevada,45735,-70.796978,-83.227748
Desiree Daniel MD,54,08585 Brandon Vista Apt. 433,Port Megantown,Massachusetts,66157,87.654930,-85.9472305
Mary Leonard,24,4040 Barker Forge Suite 839,East Scottland,Vermont,93842,-151.607308,-31.707429
Holly Morgan,30,034 Conner Village Apt. 752,North Michaelview,Hawaii,55690,-83.773140,-53.6756135
Donald Bell,68,617 Justin Greens Apt. 259,West Jacobstad,Minnesota,01975,-156.753772,19.4860895
Jack Diaz,26,4035 Walsh Curve Apt. 033,Lake Jeffrey,Massachusetts,64118,-56.237929,-59.948583
Sandra Hardy,75,0762 Keith Loop Suite 124,Port Tracyshire,Colorado,22770,-11.242111,47.3728025
Mercedes Stokes,29,8972 Jeanette Junction,West Wendymouth,Minnesota,01806,-0.320240,34.1483215
Frank Freeman,38,8205 Timothy Harbor Suite 767,East Ethan,Oklahoma,32614,11.947626,69.786789
Charles Dunn,64,0623 Melinda Field,Monicabury,Connecticut,84192,33.415042,51.391376
Kenneth Shepard,55,84029 Ashley Ports,Rodriguezfort,New Jersey,53062,95.463332,-17.0263625
Daniel Daniels,76,865 Annette Curve,Jamesside,Rhode Island,75110,-66.344909,19.779466
Patricia Reilly,75,844 Higgins Court,Joanborough,Ohio,98203,154.487727,34.709349
Rebecca Shaw,79,9428 William Landing Suite 322,South Glennmouth,Wyoming,59498,65.836326,52.7189025
William White,63,7177 Roberts Junctions,East Melissaville,Michigan,17822,0.385233,62.7689845
Rachel Garcia,45,90972 Joshua Valleys Suite 456,Marissahaven,Maryland,28075,12.468749,-46.8394485
Sarah Foster,48,038 Martin Forest,New Christopher,Florida,93686,-142.825918,-8.8596525
Mary Rollins,31,92019 Vasquez Spurs,North Rebecca,Wyoming,04909,-0.437106,-24.9646615
Anthony Barker,68,072 Belinda Lane,Port Peter,South Dakota,20652,-53.659040,-66.5928025
Michael Davis,77,386 Andrea Run,Reneefurt,Florida,51738,173.311203,-33.8705495
Johnathan Williams,49,2525 Shelton Underpass,North David,Nevada,20390,104.846082,-44.2964895
Charlene Bradley,63,519 Daniel Turnpike Suite 390,New Alexandrafurt,Indiana,74446,63.883008,44.757144
Janet Vaughn,64,38369 Kimberly Hill,West Deborahside,West Virginia,47652,74.935915,-73.4508205
Dillon Richardson,38,21847 Jonathan Gardens Apt. 826,South Adamton,Colorado,69469,171.132473,-14.227552
Kayla Gordon,57,8401 Christopher Street,East Michelle,Missouri,41640,-22.707478,40.045994
Amanda King,39,19978 Matthews Causeway,Porterfort,Minnesota,17162,-41.837254,48.6166725
Amanda Ruiz,65,3173 Kane Cape Apt. 613,Grahamport,Oregon,43335,167.271098,-81.609623
Nicole Allen,50,8866 Garcia Rapids,East Elizabethmouth,Ohio,87618,-18.457259,68.060002
Eric Perez,73,8784 Jean Rapid,New Deborah,Wisconsin,65486,-157.640300,-68.586250
Joyce Ellis,45,6993 Tammy Plains,South Benjamin,South Dakota,23928,32.586174,-0.707845
Matthew Graham,44,2386 Lewis Tunnel Suite 275,Thomasview,Maryland,02398,-78.995225,55.681756
Cathy Foster,32,2550 Ryan Inlet,Arthurchester,Illinois,67616,-2.929208,86.899080
Adriana Erickson,31,847 Courtney Circles,Amberview,Rhode Island,59021,-45.098212,-11.715197
Robert Fields,22,7512 Nguyen Brooks,Obrienstad,Illinois,73758,-136.261530,5.4313035
Vincent Kim,18,02103 Long Pines Apt. 062,New Troyview,South Dakota,16970,7.943911,-54.8662335
Bradley Nichols,32,2712 Michael Grove,South Richardtown,West Virginia,48058,176.344426,19.9070615
Cheryl Horn,39,41511 Jennifer Street Apt. 777,Greerview,Texas,12845,-55.600927,65.8410545
William Reynolds,76,1140 Peter Mountain Suite 693,North Tiffanyburgh,Connecticut,11517,32.396446,-65.4123355
Evan Jennings,57,2588 Kimberly Trace Suite 648,West Lisa,South Dakota,54264,178.713713,17.6916475
Jennifer Knapp,31,7061 Torres Squares Suite 317,Taylorshire,Illinois,04319,28.618705,-5.405187
Brian Bailey,67,09533 Lance Cove Apt. 023,Port Davidfurt,South Carolina,11441,-126.518180,73.2337875
Sherry Hamilton,27,226 Anderson Inlet,Justinborough,Massachusetts,52874,33.815448,53.3350145
Donna Taylor,18,10648 David Stravenue Apt. 714,Troymouth,Maine,40454,-139.066805,-21.7788925
Maria Kim,34,72538 Williams Ridge Suite 063,West Jeremiahside,Maine,89947,-158.764450,-18.6577445
Kayla Hicks,77,040 Joshua Station Apt. 378,Smithberg,Georgia,77070,106.689510,21.633257
Joseph Farrell,22,52667 Pratt Route Apt. 826,Lake Michealberg,Montana,80177,-8.287192,-41.7803835
Shelby Cline,51,0836 Weaver Stream Apt. 497,South Christinatown,Arkansas,58050,108.061522,-4.3296695
Joshua Johnson,49,0978 Montgomery Glens,Jameschester,Wisconsin,26100,-131.874636,-70.5053685
Brittany Williams DDS,21,482 Andrew Brooks,Longfort,Minnesota,30971,-125.633495,-83.261882
Jeffrey Medina,59,4769 West Centers Suite 764,Munozton,New York,25275,-108.086238,49.9961675
Jaime Marshall,29,028 Nicholson Forest,West Jessicaborough,Indiana,91337,12.217473,-74.4399175
Carla Massey,43,1979 Spencer Hollow Apt. 565,Lake Paul,North Dakota,60885,63.163883,-18.142344
Melanie Campbell,20,3292 Colin Bypass Suite 669,New Leonard,Louisiana,77105,-66.958199,58.121654
Mark Leonard,33,2166 Catherine Mission Suite 159,Sophiaberg,Arkansas,16354,122.227160,-34.8402405
Michael White,25,076 Lucas Landing Suite 200,South Scottfort,Minnesota,53141,130.820136,-16.8315115
Wendy Morris,74,74126 Lopez Knolls,Patriciatown,California,22522,168.141317,-70.183517
Evan Dudley,41,0798 John Court Suite 798,Murilloberg,Hawaii,98126,-44.181439,44.310445
April Leon,75,3950 Nguyen Expressway Suite 780,South Katrina,Oklahoma,76731,-8.452739,-69.521842
Angela Atkins,70,35249 Willie Valley Apt. 617,Jacobborough,New Jersey,35277,-77.422229,-70.837669
Christina Pitts,42,858 Crawford Greens Suite 536,Briantown,Michigan,51024,-13.140485,53.159617
Randall Brown,71,6489 Mora Unions,Philipberg,Connecticut,80490,-109.029083,-46.951565
Matthew Zhang,68,8495 Jeremy Branch Suite 673,Scottport,Oklahoma,27781,42.152679,60.207479
Karl Reese,57,527 Richard Turnpike Suite 946,West Brenda,New Hampshire,58514,152.272690,10.9253895
Thomas Baker,50,8282 Dawn Mountain Apt. 938,Lake Troy,Arkansas,16224,142.098158,38.370035
Robert Le,20,0375 Swanson Glen Suite 619,North Mariaberg,Missouri,62883,-106.204110,-17.908194
Maria Valdez,49,6455 Morgan Courts,Lake Thomaston,Vermont,61231,97.993672,70.9576195
Thomas Hall,76,4092 Lin Shores Suite 713,West Wanda,Nevada,85869,70.683971,-85.474977
Daniel Richard,65,75922 Jennifer Islands Apt. 418,North Kristen,Georgia,72114,12.185008,71.8922035
Karen Preston,21,59931 Christine Corners,Kevinshire,Ohio,51432,178.987698,86.237978
Ryan Beard,44,10713 Taylor Ridge Suite 219,South Amandaton,Indiana,79616,52.876447,81.1917145
Jeff Hinton,57,211 Fletcher Alley Apt. 624,East Ashley,Kansas,15824,-137.114216,-77.6786425
Carolyn Bryan,56,80079 Amy Gateway,Brittanyton,Connecticut,60273,54.761285,87.972379
Donna Adkins,76,620 Johnson Extensions Apt. 461,Hamptonberg,Nevada,41960,-52.151497,21.630337
David Campbell,70,468 Simpson Orchard,Michelletown,Oregon,41191,46.545401,-19.392928
Sharon Figueroa,78,648 Andrew View,South Shawn,Montana,38868,-25.729260,59.015273
Mike Reyes,40,52012 Thompson Common Apt. 260,Deborahmouth,Virginia,29134,-130.909781,-60.0095355
Jack Obrien,39,124 Dana Skyway Suite 583,Port Markborough,West Virginia,15354,2.425897,-25.144961
Patrick Adams,37,053 Potter Lodge,South Kyle,Colorado,28679,-146.151879,-60.6251015
Justin Moran,38,80818 Hall Vista Suite 813,Angelside,Oregon,27313,41.418656,75.986062
Sonya Stanley,56,5902 Stephen Shoal Apt. 338,Vasquezhaven,Missouri,03651,-151.808738,18.6682595
Gabriela Hanson,61,33824 Nathan Glens,Youngview,Connecticut,86972,-170.704832,-13.613225
Amy White,37,980 Maureen Pike,Martinezbury,Missouri,95192,70.679449,-4.160381
Matthew Myers,36,4047 Brandon Lake,Julietown,Michigan,02400,134.873129,65.958539
Ashley Wright,27,563 Elizabeth Circles Apt. 513,Travismouth,New Mexico,11558,50.517185,-85.631657
Deborah Bell,51,9739 Hall Village Suite 881,Dominguezshire,South Carolina,31131,165.500623,-79.4908215
Amy Washington,80,88635 Rivera Squares Apt. 077,Benderborough,Iowa,50077,-140.468915,36.6178645
Brian Silva,73,5768 Butler Harbor Apt. 034,Russellchester,Utah,15242,52.588090,-62.128462
Kristina Doyle,57,6879 Harvey Oval,Jamesside,Maryland,17195,2.331953,54.6380555
Derek Rosario,51,7221 Elizabeth Fields Suite 970,Bridgetview,Virginia,92433,165.427405,-88.829440
Jacqueline Stephens,57,13050 Fernandez Shoals,East Kelly,Wyoming,45512,84.832898,-6.3578935
Cynthia Martinez,23,87911 Mcdonald Station Apt. 881,Newtonhaven,Delaware,38494,69.946686,28.691326
Laura Woods,27,863 Kathryn Falls Suite 821,South Lisa,Vermont,34399,130.533119,70.898375
Steven Martinez,22,65790 Reed Extensions Suite 295,North David,Michigan,41855,162.250314,4.071418
Amanda Hill,60,2893 Charles Ways Apt. 698,Wendychester,Alaska,21298,-158.093912,66.316996
Roger Myers,77,93204 Brandy Gateway Apt. 909,Lake Veronica,Missouri,62833,76.495289,81.369167
Kathleen Buchanan,75,331 Brian Well Suite 860,North Sophia,Idaho,28299,-78.628291,63.847822
James Jackson,38,99044 Herring Crossing Apt. 653,Michelleburgh,Iowa,72415,-149.062183,85.350339
Keith White,37,764 George Key,Port Christopherborough,Massachusetts,76800,97.742504,-10.699654
Courtney Murray,64,4001 Cody Forest,Katherinemouth,Colorado,15834,-29.155805,18.136900
Kyle Powell,60,07219 Frye Lodge,Medinachester,Missouri,70728,-48.927347,1.162912
Anthony Spencer,62,60386 Guerra Square,Tammychester,Hawaii,60562,165.685992,21.539038
Sarah Haynes,60,6244 Ashley Meadow Suite 904,Brandonmouth,Wisconsin,34557,-126.943290,18.242129
George Johnson,52,9717 Matthew Brooks,South Stephenstad,Minnesota,23827,148.739978,-33.338859
William Ball,57,46800 Bennett Forges,South Christopherport,Alabama,04695,52.684157,32.8885285
Danielle Walton,73,323 Patricia Cliffs,Hendersonborough,Arkansas,26023,-37.855779,12.493341
Ashley Murphy,45,52925 Jimmy Pike,Rodrigueztown,Kansas,96879,19.298869,76.238948
Victoria White,77,0141 Sean Junction,Sarahmouth,Arkansas,79607,-73.984619,48.629165
Nathan Roach,36,473 Valentine Light,Lake Maryside,Kansas,06785,-151.324880,-41.9289025
Jacob Eaton,22,081 Martinez Walks Apt. 841,Port Sabrinastad,Montana,18401,-116.179472,46.193757
Robert Bowen,32,1990 Lee Rest,North Heather,Indiana,69382,6.510166,-74.4219685
Thomas Lee,59,763 Smith Mount,South Courtneyburgh,Missouri,98510,-136.411576,-37.4670005
Matthew Marquez,51,913 Brown Estate,Sandersshire,Maryland,50475,99.351552,14.7121525
Karen Reed,58,257 Jesus Coves,Michaelview,Georgia,36075,178.787685,-73.440736
Alexa Moore,47,6794 Michele Rest Apt. 783,South Brettshire,Minnesota,59203,76.273149,-2.699159
Thomas Beck,77,872 Hess Hill,Harmonview,Minnesota,62568,-116.335758,-85.894588
James Bruce,25,24154 Madden Fall Apt. 624,Murrayview,Alaska,17038,-71.431200,18.7140505
Colin Blanchard,47,7199 Nicholas Curve,Stephentown,Kansas,19464,129.202494,66.100389
Toni Thompson,45,91833 Martinez Drive Suite 004,Ortizberg,Nevada,53285,-45.981054,-17.9336655
Dennis Tran,38,9853 Christopher Port Suite 513,Gregoryshire,Missouri,40857,41.643326,-81.8021955
Joseph Griffith,55,077 Mason Hills,Lake Cynthiaberg,New York,54626,22.769301,74.368035
Rebecca Wright,78,452 Roberson Lock Suite 702,West Bradchester,Idaho,18493,-23.448797,-2.7446685
Joseph Weaver,76,48086 Laura Road,Lake Chadbury,Tennessee,32828,128.006532,-78.5231405
Samantha Herring,50,3727 Monica Ford,Cohenborough,Oregon,62085,-97.585222,57.041295
Cheyenne Hughes,69,598 Campos Stravenue Suite 689,Maldonadostad,New York,50747,-107.364753,3.9224765
Michelle Henderson,59,574 Roach Ports Suite 449,West Amandachester,Maine,48141,-140.142025,-4.841528
Lori Adams,45,0758 Phillips Haven Suite 162,South Dana,Colorado,64601,-138.184503,10.1366545
Kimberly Luna,62,91276 Melanie Shoals Apt. 843,Medinamouth,Missouri,06192,82.391189,-73.8555395
Paul Mcbride,68,7612 Davis Trail Suite 247,Duranland,Idaho,01809,109.690167,59.296094
Jennifer Mcdaniel,26,006 Elizabeth Stravenue Apt. 801,Baldwinview,South Carolina,60888,178.809474,-21.8561765
Elizabeth Bennett,54,8841 Michael Walks,East David,Florida,63896,-95.775280,31.748774
Allison King,29,81268 Diana Extension Apt. 870,Port Robin,Idaho,99822,41.181828,-37.863246
Guy Mata,72,615 Kathleen Course Suite 566,West Lisachester,North Dakota,84161,39.166454,59.3022745
Melissa Hensley,72,756 Garcia Locks,Kathleentown,Indiana,53244,-71.695933,86.634101
Patrick Thompson,44,9162 Laura Squares,New Eddie,Oregon,93288,-63.183702,-51.6056125
Michael Myers DDS,44,221 Taylor Ville,Port Jamesport,South Carolina,20763,-155.576585,-73.756754
Gilbert Meyers,56,5931 Matthew Glen Apt. 436,Port Stephenland,New Hampshire,92005,-20.889009,9.302651
Jasmine Pierce,20,877 Krause Mill Suite 420,East Kelly,Virginia,55751,-50.856451,-56.4665165
Brian Camacho,56,241 Ortiz Center Apt. 098,Deborahfurt,Alabama,94282,-26.486847,-4.287836
Megan Mcintosh DDS,36,07864 Soto Ville,Roberttown,West Virginia,93739,-26.456871,76.051547
Mario Jones,42,75242 Mathis Corners Apt. 106,New Stephen,Arizona,43792,-93.024685,75.314857
Jonathan Lawrence,80,39397 Edwin Pines Apt. 959,Adambury,Wyoming,78913,74.102065,1.519210
Deanna Adkins,79,4102 Rodriguez Squares,South Matthewville,Colorado,06065,-82.268309,76.448471
Madison Jones,50,0464 Gregory Wells,Eduardoburgh,Alaska,82520,-83.874063,35.6471375
Amy Joseph,63,54048 King Drive,Thomaston,South Dakota,35100,80.254630,-60.149770
Robert Solis,53,065 Laura Course,Davisport,Vermont,32741,165.607746,-55.173510
Kristin Jackson,55,413 Deleon Isle,West Larry,North Carolina,35734,-131.923875,-23.729993
William Walker,61,552 Sheila Summit Apt. 637,Jonesville,Kansas,72596,120.105089,34.792038
Alison Wood,64,684 Turner Burg,Stacyhaven,Minnesota,49986,-12.245798,-37.589591
Douglas Williams,31,9667 Julie Street Suite 094,West Terriland,Michigan,81239,-1.561105,12.760095
Jared Riggs,49,83855 Mark Islands,Heathermouth,Kansas,05818,139.290133,-52.196380
Matthew Heath,79,909 William Mountain,Colefort,Virginia,07229,63.773847,12.517164
David Morgan,61,3911 Carter Hills,Emilyton,New Mexico,75197,-27.150292,4.158567
Adrienne Nelson,67,9275 Williams Divide Suite 142,Alanchester,Kansas,86147,-98.219351,4.9108555
Wendy Anderson,72,10205 Kelly Neck Apt. 825,Tonyview,Louisiana,66365,-112.870764,-34.458769
Nicole Thompson,18,278 Kevin Greens,New Melaniefort,Virginia,80426,165.200984,-33.962285
Bradley Gray,42,8383 Brown Springs,Lake Michaeltown,Utah,88059,101.238944,-20.3930485
Kendra Fletcher,77,928 Garcia Lodge Apt. 635,New Sarah,Georgia,78784,-98.368827,-41.625523
Howard Anderson,52,490 Kemp Road,Port Kevinmouth,Oklahoma,06363,24.699559,-11.6467375
Jonathon Warner,40,46120 Russell Route,Edwardland,Louisiana,15181,60.350775,88.1306915
James Edwards,36,027 Elizabeth Crossroad Suite 413,Lake Christine,Mississippi,58032,0.190365,67.3208885
Jeremy Contreras,29,87031 Joel Rapids Apt. 941,West Nathan,Nebraska,34734,-71.346165,-40.457982
Nancy Ramos,23,335 Jefferson Stravenue Apt. 899,New Stephenchester,Kentucky,02416,-65.663967,-67.739198
Mrs. Lisa Barton,45,718 Krystal Junction Suite 370,West Robert,Vermont,47229,58.556193,63.7882765
David Burns,27,3198 Kathryn Glens Suite 959,East Michelle,Kansas,13580,82.608453,37.5790865
Dana Shields,73,4335 Sheila Heights,Amandafurt,North Carolina,81721,122.096737,5.299445
Joseph Silva,30,4131 Melissa Green,West Jayhaven,Wisconsin,78069,-128.994489,41.8722785
Thomas Harris,53,12834 Wendy Prairie Suite 177,West Melinda,Nebraska,44137,116.815015,88.263537
Joseph Hughes,26,13624 Joshua Lights,New Karen,Massachusetts,69899,24.861008,36.995758
Susan Drake,25,38315 Shannon Row,Port Michelle,South Dakota,03218,-28.882940,77.713218
Nancy Hendricks,65,553 Evans Bypass,East Nicole,Virginia,84492,-152.843579,-45.823677
Tim Perkins,38,82558 Huang Drives Apt. 186,South Diana,Wyoming,18002,-115.543743,14.8581845
John Jackson,36,5952 Jennifer Islands Suite 413,Port Autumnport,Minnesota,59461,77.588363,-46.3065485
Anne Copeland,60,1954 Matthew Light,North Wendyberg,New Hampshire,83100,64.182491,49.4056175
Chelsea Gray,70,23203 Frances Station,Macdonaldborough,Ohio,08130,5.780293,-88.239268
Jacqueline Morgan,39,41387 Bradshaw Pines Apt. 158,Kaylaland,South Dakota,44389,-120.336230,7.6010485
Caroline Conley,77,6289 Estrada Village Apt. 276,Katherineborough,South Dakota,36110,-25.421252,68.4473235
Shawn Henson,68,626 Mills Causeway,East Brettberg,Colorado,67873,49.469185,88.390650
Brian Smith,18,66305 Davis Cape Apt. 420,Port Michaelview,New Mexico,83405,114.438714,50.259507
Ronald Owens,30,744 Stanley Extensions Suite 556,North Brian,Montana,18272,33.608328,-60.0193025
Terrence Brown,78,5992 Clarke Park,North Nathanielfurt,North Dakota,76825,-98.116902,-9.4949495
Madeline Oliver,50,83974 Williams Ports,Michelebury,Ohio,14236,-164.890267,-44.136638
Michele Chen,58,8162 Oneal Ramp,Nicholasview,Iowa,29939,-58.825255,-3.4252475
Ann Franklin,21,888 Vaughn Manor Suite 507,South John,Oklahoma,60263,-50.675760,34.6248225
Anthony Benjamin,72,258 Stewart Unions Apt. 825,Colemanberg,California,09119,-123.545106,19.955954
Jessica Williams,66,17871 Jennifer Ville Suite 316,East Jessica,Florida,24580,-29.890585,72.694988
Megan Walker,39,88906 Meghan Prairie,New Kristen,Illinois,13063,-103.659067,82.228741
Maria Perkins DDS,80,2506 Stewart Row,Melissaview,Nevada,75988,-127.775998,26.8059555
Monique Escobar,53,0627 Jennifer Courts Apt. 967,Shanebury,Illinois,23942,131.069470,38.414981
Gloria Newman,58,3285 Tina Orchard Apt. 639,Elizabethfort,Maryland,00765,115.558842,-88.880692
Kara Simmons,53,30884 Rush Manor,East Antonioville,Utah,69646,-92.948769,61.402177
Mr. Clinton James II,71,6491 Guerrero Cape Suite 990,New Michaelport,Maine,64274,13.139272,40.671096
Carol Rivera,27,25096 Thomas Lodge Suite 155,West Robin,California,92688,-108.102784,75.5615185
Pamela Poole,80,4592 Christine Trail,Juliafort,Washington,41135,-122.977394,-82.022688
Dr. Nicole Gordon MD,56,7083 Robert Trace,North Zacharystad,Wisconsin,20346,134.283617,59.093744
Kevin Harrison,56,5743 Anderson Brooks,Anthonyville,North Dakota,86466,34.309705,83.776745
Janet Alexander,44,173 Veronica Brook,Port Michaelland,Arkansas,98836,113.444062,13.3060855
Noah Dominguez,25,179 Sanders Throughway,New John,North Carolina,62613,-82.210750,36.504690
Sarah Gonzalez,30,30062 Mcintosh Mountains,Vincentshire,West Virginia,49564,-63.166950,-23.516385
Andrew Smith,23,3560 Lisa Mission,Guerrafurt,Rhode Island,96234,-18.771383,37.632661
James Bowen,64,5425 Wilson Locks Suite 262,North Elizabeth,Rhode Island,62695,-30.739361,-58.407121
Felicia Paul,20,7872 Mark Trafficway Apt. 206,Susanfurt,Massachusetts,41946,6.906367,67.256219
Julie Thompson,70,76595 Miller Cape,East Dale,Iowa,42314,-18.144853,-24.4474225
Linda Maldonado DVM,23,3415 Ronnie Shore Suite 023,Boydfurt,Arkansas,41254,6.860225,-21.415721
Kelli Nichols,54,8468 Daniel Bypass Suite 442,Andrewsbury,Montana,29792,168.055729,32.150533
Daniel Carr,24,1073 Berry Plains Apt. 737,Feliciaside,Oregon,56114,153.331639,80.671693
Michael Fletcher,28,103 Christopher Crest,Port Emily,Montana,90503,47.744499,-33.4357845
Derek Harrington,38,7114 Gabriela Vista,South Angelaville,New Mexico,20259,104.453202,65.614656
Zachary Campbell,73,64647 Johnson Causeway Suite 062,North Nicholaston,Oklahoma,55053,29.678243,-57.2063145
Ryan Mcmahon,58,563 Jones Summit Suite 672,West Nicole,Tennessee,90932,-160.238318,79.268261
James Rice PhD,46,943 Walker Divide,Greenburgh,Tennessee,29190,122.498510,8.949272
Bryan Everett,20,00800 Lorraine Light,Lake Jason,Montana,53340,50.163111,7.7637165
Michael West,43,6770 Kline Mountain,Port Martin,New Jersey,04167,91.247164,-69.3986495
David Newman,18,28163 Sanchez Lock,Lake Christopherport,Georgia,70089,145.878340,-61.595440
Lisa Ashley,71,6215 Carl Ranch,Markshire,Nebraska,14308,165.809645,48.4841585
Amber Hansen,26,607 Turner Knoll,Millerside,Idaho,91020,75.300199,67.9327285
Kyle Kelley,37,6016 Jessica Hills Apt. 221,Kramerview,Alaska,94287,-40.324235,63.430453
Cynthia Simmons,28,902 Rojas Neck Apt. 433,East Joshuabury,Tennessee,48536,-146.258854,-9.906273
John Martin,58,115 Rush Meadows,East Melissatown,Oregon,28671,135.025359,-27.113682
Shawn Powers,54,64303 Antonio Mountain Suite 086,Lake Meghanview,Tennessee,70883,34.927945,63.142491
Eric Gentry,22,7391 Susan Meadows,New Rebecca,Pennsylvania,66246,-158.266940,26.4147655
Jennifer Lowe,34,485 Greene Square,Ninaview,North Carolina,52771,-84.274470,86.1091395
Jessica Reynolds,19,555 Cox Manor Suite 680,Lake Jacobchester,Connecticut,21752,127.188018,23.5466675
Mr. Derek Drake,30,0233 Jason Run,Josephport,Nebraska,57935,169.900556,-23.5185395
Oscar Ferguson,73,5763 Franklin Trail Apt. 198,Mcgeeport,Oregon,52031,70.984786,18.9476425
Kevin Kennedy,39,00121 Martinez Mission Apt. 437,East Helenfort,Ohio,58400,-73.021927,-69.4381675
Nicole Thomas,73,18303 Martinez Squares Suite 372,Port Rodney,California,95403,-56.300796,-46.1005515
Robert Padilla,79,287 Prince Brooks,Lake Josestad,Pennsylvania,85308,138.597576,-66.0855165
Emma Johnson,34,24931 Flynn Lock,Stevenstad,Alabama,35532,-78.838115,62.384629
Megan Brown MD,40,67815 Howard Parks Suite 590,Sandraton,Arizona,10980,-49.638815,73.046563
Warren Garcia,29,70118 Michael Expressway Suite 609,West Jessicaberg,Kansas,43302,105.722964,-49.0597305
Ashley Ferrell,69,57822 Simmons Avenue,East Patriciaville,North Dakota,34152,-162.395194,-41.0358665
Daniel Anderson,68,8042 Michelle Summit,Chadmouth,Arkansas,29227,-101.508461,12.8682485
Jordan King,52,744 Krueger Trail Apt. 523,Katherinebury,Colorado,84960,63.927903,-41.3277435
Lisa Walker,31,2671 Fuller Vista Apt. 386,South Tamaraport,West Virginia,19943,-13.271015,12.4719775
Casey Choi,24,36901 Jennifer Mill,Briggsbury,Alabama,41001,-143.597414,35.5500845
Johnny Martin,59,3906 Jessica Crescent Apt. 422,Lake Brandonton,New York,75999,6.482208,51.1265585
Pamela Mcfarland,48,46033 Maria Lane Apt. 270,East Jeremyland,Florida,49905,-93.257260,15.458857
Patricia Erickson,76,313 Buckley Roads,North Sarahberg,New Mexico,35386,-46.451653,-68.6327285
Kyle Johnson,57,721 Jessica Haven Suite 342,New Danielle,Michigan,21220,65.637909,-77.894421
Breanna Young,47,98845 Reynolds Avenue,Wisefort,Wyoming,65274,30.083313,-29.2018965
Damon Smith,36,89625 David Forge Apt. 166,East Ronaldside,Wyoming,03180,-86.351256,-74.761805
Luis Reynolds,34,05436 Williams Spurs Suite 901,Garzaburgh,North Dakota,47068,-131.584547,-65.1718945
Tammy Gutierrez,74,38840 Martin Square,Port Rebekahmouth,Tennessee,43289,173.049035,-63.3007345
Crystal Vance,73,8503 Pierce Plains,North Ronald,Alabama,45580,-50.720663,60.313298
Eric Elliott,61,7722 Brendan Forges,West Marisa,Florida,25636,56.669211,-81.742344
Brianna Lambert,21,200 Juan Walks Apt. 015,Port Jon,Indiana,05194,-23.403449,22.483051
Bryce Ware DVM,79,537 James Club,South Caroline,Maine,61477,120.499708,-50.212446
Sydney Scott,26,79915 Amy Alley,West Caitlinmouth,Florida,17115,75.554320,-13.1860905
Christina Joseph,46,554 Jarvis Throughway Suite 927,Lake Judith,South Dakota,99906,-120.809951,-1.3103205
David Cox,25,29968 Andrea Junctions Suite 043,West Robertmouth,Texas,80661,-16.874277,-46.829026
Veronica Alexander,38,36350 Jeremy Cliff Suite 785,East Jennifer,Rhode Island,74754,47.980379,-47.516428
Michael Wilkins,30,890 Anderson Gateway,South Corey,Mississippi,12933,174.196966,-85.079129
Sara Singleton,55,8682 Harris Center Apt. 572,Bobbyfurt,Hawaii,44044,27.993596,-49.5806425
Nicholas Rodriguez,44,6072 Jessica Plains Apt. 912,Donaldbury,Nebraska,07320,-11.867451,-65.344954
Brad Bowman,18,8490 Hernandez Light,West Ashleystad,Alaska,63751,6.734113,17.892236
Kimberly Peck,52,2062 Marvin Landing Apt. 127,Michaelstad,Delaware,48667,70.013004,61.999536
John Barry,77,742 Jonathan Forge,Lake Jadeport,Tennessee,93453,-48.111104,69.100547
Stefanie Vargas,45,49270 Huff Pine,West Devin,Montana,72736,-126.939809,-63.051996
Donna Johnson,55,242 Cole Corner,Kimberlyburgh,Delaware,86427,43.519962,-13.965101
Michelle Vasquez,50,1366 Garcia Via,Morrisonland,Massachusetts,05246,-157.771510,60.9231545
Amy Willis,78,70929 Colon Court,Petersbury,Montana,66823,172.612118,44.370040
James Hill,32,1145 Jacob Mission Apt. 359,South Thomas,Massachusetts,66318,163.614382,-7.5562405
Felicia Fitzgerald,58,87076 Fitzgerald Wall,North Jeffrey,West Virginia,93285,-69.615928,66.675991
Kelly Hunt,20,19725 Bean Trace Apt. 520,Ramirezville,Kansas,16399,162.731023,30.7913035
Courtney Gilbert,24,3019 Farrell Keys Apt. 329,Lake David,Indiana,64038,-11.542727,-80.6694075
Michael Williams,19,786 Bell Landing,Garyton,Nebraska,46602,56.625802,-73.395568
Cody Johnson,67,140 Adam Isle Apt. 350,Tonyaville,Vermont,10942,138.382127,-25.4435455
Sharon Gillespie,31,84201 Ibarra Neck Suite 507,Chambersstad,West Virginia,15035,-170.111457,33.184771
Natasha Wilson,66,9263 Williams Mountain,Matthewview,Arkansas,13140,62.810175,-19.227419
Marie Solomon,43,8913 Brianna Way Apt. 612,East Steven,Louisiana,40395,146.533691,20.3081825
Keith Sullivan,60,819 West Extensions Apt. 791,South Leslieborough,Kentucky,82933,76.103839,23.4461795
Amanda Mack,42,1842 Orozco Route,Howardbury,Arkansas,29765,158.920299,-56.581279
Jennifer Moore,61,194 Diana Gardens,Chavezfort,Louisiana,34574,168.648947,-2.955572
Alicia James,29,49761 Calderon Shore Apt. 267,Port Karaside,Missouri,79704,-58.346625,-26.0747525
Andrew Holland,20,61438 Erica River,Zacharyburgh,California,90710,163.243126,76.4970585
Danny Hernandez,72,9630 Susan Stream Suite 494,Annetown,Idaho,71969,-119.947441,-36.434076
Jody Whitehead,24,205 Macias Rue,Lake Jenniferport,Kansas,15349,-61.838683,-65.8825785
Ariel Newman,65,058 Baker Meadow,South Teresaton,Washington,75147,-108.654732,6.514174
Tara Leonard,38,08046 Bryan Crescent Suite 633,Brendaside,South Dakota,31000,-18.002693,43.959249
Margaret Ball,40,9465 Young Locks Suite 249,Matthewborough,Missouri,53536,123.487058,68.1031675
Kevin Rogers,56,183 Suzanne Manors,Lake Nicole,Kentucky,56824,-111.710040,-22.9081675
Anthony Delgado,36,8085 Kathryn Summit Apt. 050,Staceyville,Oregon,22726,-94.725243,-43.9228185
Jesse Fitzgerald,58,966 William Lock,Williamport,Utah,82899,-35.290411,47.130545
Matthew Miller,36,098 Pierce Stream Suite 528,Masonburgh,Oklahoma,81423,81.235053,-30.826471
James Elliott,34,237 Kelli Locks,Dwaynetown,Vermont,79132,-55.198995,-54.529996
Jill Chapman,20,12939 Norman Rapids Apt. 867,Baileyfort,New York,15552,140.097144,77.3411155
Julie Bell,48,229 Amy Court Suite 882,Lake James,New Jersey,48717,107.851524,-34.607971
Frank Roberts,73,53313 Matthew Pine,Briggsshire,California,62317,-50.176769,-27.751910
Jessica Taylor,60,801 Johnson Prairie,Sotoview,Delaware,85267,-154.262099,-63.245710
Rhonda Davis,77,456 Cheryl Locks Apt. 185,New Natasha,Georgia,04317,35.220134,73.267222
Cory Green,28,0731 Anna Fork,Gibbsland,Georgia,06564,124.939950,39.8023775
Candace Tran,78,8020 Jackson Lake Apt. 375,Emilyfort,Utah,75639,59.544998,29.446926
Kristina Maxwell,34,45980 Glass Land,East Sandra,Alabama,34157,-85.256141,56.8196345
Rebecca Estrada,34,806 Matthew Cliff Apt. 734,North Tyler,New Mexico,87427,-115.315276,16.984163
Amanda Ibarra,31,971 Mary Parks Apt. 396,Lake Juan,Kansas,39825,138.604296,7.6022695
Lori Murphy,70,70701 Dawn Meadows,New Robertton,Pennsylvania,37108,155.583325,-48.311923
Mr. Eric Thomas MD,74,657 Henderson Cape,Kimberlyshire,Tennessee,63867,37.813479,-37.152744
Renee Davis,33,88773 Jacob Gateway,East Debraton,Rhode Island,80488,95.790538,21.438804
James Johnson,55,198 Knight Unions,South Evelyn,Georgia,89978,-6.401440,-59.9989205
Felicia Ramirez,48,81029 Pamela Brooks Suite 471,East William,Utah,84155,-38.919032,41.055164
Ryan Bennett,53,1651 Monica Freeway,North Wendy,Minnesota,50044,-49.707741,-14.5099415
Martin Ortiz,61,70382 Cortez Creek Suite 147,East Kevin,Connecticut,52666,58.601485,88.0729555
Michael Nelson,79,498 Wheeler Brooks Suite 799,Wheelerfort,Texas,43598,-102.395273,7.284069
Jonathan Chavez,56,8797 Anne Islands,Joeport,Washington,32879,-171.894303,69.614399
Sandra Smith,31,1171 Smith Roads Suite 530,South Elizabethport,Hawaii,34182,-87.648212,5.062171
Kimberly Horton,78,205 Bates Wall,West Felicia,Wisconsin,96042,137.523720,-15.3840475
Mary Gray,75,062 Karen Falls,Davistown,Virginia,25464,-27.013536,-35.366252
Rachael Ramos,45,0391 Espinoza Cliff,South Cynthia,Nevada,28281,104.860333,14.0882675
Duane Peters,47,49817 Andre Terrace,Stephaniefurt,Idaho,57596,139.749168,64.645420
Logan Davis,75,887 Dunn Lodge Suite 605,Cruzmouth,New Hampshire,13726,93.709799,85.8816165
Elizabeth Williams,38,630 Rivera Cape,West Aaron,Oklahoma,95618,-30.692954,-19.892259
Donna Long,69,0012 Robert Vista,Carlosshire,Nebraska,72621,173.075110,16.195765
Danielle Ortiz,20,27275 Nathan Cliffs,North Cameron,Colorado,98234,-106.149782,-71.262883
Christopher Brown,75,25906 Carroll Fall,West Thomas,Minnesota,42101,53.797343,-16.9794715
Cheryl Lopez,43,493 Rebecca Ways,Port Williamburgh,West Virginia,69448,-176.377289,-35.9281315
Maxwell White,28,9937 Marcus Squares,North Nicolefort,Arkansas,40891,-20.344811,-51.1377575
Andrea Snyder,65,742 Courtney Knoll,New Adam,Virginia,65881,94.784680,25.727262
Gabriel Jones,48,95410 Allen Freeway Apt. 858,Lake Sue,Washington,09177,32.306445,46.168041
Kathryn Torres,64,77211 Brittany Crossroad,South David,Michigan,16942,-87.236335,53.200279
Nicole Delgado,64,8459 Matthew Port,North Joseph,Ohio,90835,173.527668,-49.6764005
Shaun Saunders,37,1377 Campbell Underpass,North Ashleeton,North Dakota,77392,-44.544030,25.123392
William Gordon,41,447 Terry Greens Apt. 221,Port Aaronburgh,Michigan,79648,-73.761158,-14.007208
Elizabeth Smith,30,1784 Mark Route,Seanmouth,Alabama,09334,-177.060415,85.7228325
Nicholas Hall,62,83873 Brown Valleys,Reneefort,Alaska,50143,123.253334,-41.1997425
Michael Wilcox,69,0858 Becker Square,Lake Andrew,Hawaii,83838,-52.948467,-33.263825
Danielle Leonard,56,592 Singh Lights,Perezshire,Nevada,45029,45.004944,-15.806717
Deborah Smith,63,99701 Sandra Canyon,New Jameshaven,Idaho,35212,40.317701,-6.039678
Tyler Nicholson,20,19681 Evans Hill Suite 179,East Alexandratown,South Dakota,25635,113.627093,27.3859225
James George,49,40579 Shawn Dale,South Lisa,Michigan,84616,-115.517912,-1.1584815
Connie Miller,58,5947 Cabrera Trail,Port Henry,Nebraska,77484,-48.345927,13.0434565
Ashley Scott,69,16447 Beth Street,Andrewshire,Alabama,68828,46.078906,-36.8058735
Kylie Caldwell,45,0378 Williams Springs Apt. 281,Port Hannahtown,Tennessee,94956,87.982928,59.171540
Ryan Shea,63,63334 Betty Ville Apt. 116,Mcdonaldshire,Kansas,62917,-175.910258,55.291075
Mr. Benjamin Welch,28,59910 John Hill Suite 099,Monicahaven,Idaho,44204,4.140849,5.969920
Kimberly Harrison,76,944 Perez Camp Suite 247,Travisborough,Wyoming,45378,35.832136,45.669490
Patricia Hoover,74,9553 Kimberly Manor Suite 547,Lake Sharon,Oregon,08220,104.908690,-60.5399855
Brian Rhodes,23,816 Zachary Union,Danielchester,Missouri,25486,125.527635,21.766901
Robin Russell,74,238 Kimberly Islands,North John,Mississippi,47704,142.890756,-80.185464
Alexis Bailey,25,957 Brown Keys Suite 361,Port Rebecca,North Carolina,29875,-76.130344,-43.334486
Monique Thompson,78,51051 Washington Shore,Whitneyside,Virginia,86152,-37.002750,54.0851755
Kimberly Gibson,46,84670 Justin Fort Apt. 620,Millsbury,Idaho,26947,33.122945,-55.8168395
Samantha Griffith,72,99519 Katherine Center,Lake Justin,Connecticut,24406,-130.773698,-46.0684225
Crystal Oliver,63,15741 Koch Ranch,Lake Kennethtown,Kansas,73701,27.450444,-62.1077595
Jessica Baker,58,1456 Linda Forge,Port Rachelchester,Nevada,02645,-144.008638,69.615795
Clayton Griffin,55,4953 Daniel Hill Suite 698,Jordanbury,Iowa,12492,124.873261,-14.318109
Lisa Hawkins,45,689 Quinn Curve Suite 120,Carlachester,Oklahoma,38038,65.099260,-25.660223
Joseph Graves,48,10995 Miller Union,New Brandon,Iowa,04848,-40.560897,-67.5326285
John Bishop,46,00945 Kathy Ferry,West Mary,Oklahoma,02191,-55.867985,20.099041
Alexis Lopez DDS,79,8060 Andrew Land,South Roberthaven,Delaware,61090,143.651663,6.1847895
Melanie Thomas,23,42140 Grant Forge Suite 777,Lake Andrew,Louisiana,50347,130.302827,-37.823584
Lance Stephens Jr.,27,5689 Clayton Views,Houseville,Arkansas,90774,-103.973488,80.266454
Kelsey Yu,53,5971 Lisa Ports Apt. 882,Smithburgh,Florida,84835,93.437754,42.7911035
Raymond Garcia,39,5821 Troy Field Suite 462,Robertton,Massachusetts,56930,-23.039640,47.7048325
Sarah Ruiz,69,4312 Ramirez Corner Apt. 877,South Anita,Michigan,75733,-150.430959,67.874974
Janice Martinez,57,752 Ryan Court Apt. 648,Benitezside,Kansas,72958,170.507410,-5.0879115
Michelle Williams DDS,68,426 Gray Keys Suite 863,New Monica,Alaska,07146,154.290472,-47.758132
Kelly Hayes,25,0589 Edward Course,Sandyborough,Vermont,47275,-129.656767,-19.8352445
Stephen Valentine,57,5020 Anthony Flats Apt. 378,West Ryanburgh,Texas,28835,59.086124,-1.336530
Herbert Sweeney,54,3057 Moss Drive Suite 712,Mcmahonberg,Connecticut,08314,-172.932347,20.301380
Mariah Gonzalez,28,1225 Christopher Squares,East Kathrynborough,Vermont,92678,48.175261,-33.700451
Bonnie Byrd,33,030 Simpson Circles Suite 584,Patricktown,New Jersey,38898,-84.141982,37.618588
Candace Juarez,80,0109 Scott Ferry Apt. 072,Jamesside,Missouri,08281,16.913952,-19.2553165
Mr. Dale Mcclure II,74,78529 Paul Land Apt. 845,Tiffanyburgh,Ohio,96380,65.097933,7.6481445
Jason Moran,37,1908 Mercer Views Apt. 141,Wongchester,Florida,26369,-77.590313,80.288144
Jasmine Kirk,61,3117 Kaiser Coves,South Cheryltown,Michigan,92563,-76.567728,-89.4138505
Brittany Lopez,63,509 Lynn Vista,New Jennaberg,Idaho,44124,-108.530811,82.0239495
Jessica Cunningham,31,38762 Taylor Gateway,East Frank,California,44625,64.974971,22.4982055
Antonio Hanna,54,7330 Adams Fields,New Gracemouth,Arkansas,50718,62.225658,13.9517725
Mary Greene,33,81767 Tammy Springs Apt. 190,Tranchester,Maryland,63935,-18.513347,-88.837754
Regina Keller,64,835 Douglas Path Suite 203,Batesfort,Virginia,02064,-58.307116,76.7821815
Mrs. Kristy Castaneda,53,95379 Pacheco Lock,South Nicole,Iowa,79725,-57.045773,-85.6448605
Paul Burnett,36,016 Jose Meadows,Richardsshire,North Dakota,01085,-177.535102,76.223377
Mary Henry,72,1749 Martin Skyway,Carriemouth,Iowa,76598,-165.645098,-27.5477955
Andrew Gilbert,48,347 Smith Landing Suite 490,Michaelhaven,Rhode Island,93904,-4.049401,72.0132965
Eric Buck,19,21846 Angelica Ville,Jonesview,Delaware,12974,-148.548430,6.6142995
Tommy Hale,65,1238 Lucas Fall,North Patrick,North Dakota,06960,112.438678,-26.755478
Linda Bowman,62,362 Ruth Village Suite 809,West Aprilstad,North Dakota,38994,-164.074526,71.991521
Karen Carr,25,9379 Sharon Fords Apt. 956,North Matthew,Utah,20213,63.198794,-22.5455195
Angela Rogers,56,877 Jeremy Circles Suite 105,Angelabury,Pennsylvania,96138,46.542449,54.6575785
Donna Cook,61,57572 Jessica Dam Apt. 150,South Gregory,South Carolina,01864,10.230961,-88.2787185
Nancy Walls,52,203 Wall Freeway Suite 464,West Sharonmouth,Massachusetts,28180,165.877925,-60.313656
Brandon Bryant,34,63642 Hodges River Apt. 421,Jasonfurt,New York,43053,92.591848,-63.803517
Richard Anderson,62,24701 Johnson Square,East Michael,Tennessee,37048,-170.041908,34.826063
Susan Aguilar,37,2050 Martinez Mountain Apt. 715,Ericside,New York,21447,-112.202398,10.6804395
Katherine Roberts,21,622 Kristen Trail,Cristinafurt,Oregon,34373,-111.070714,-44.284605
Ms. Samantha Miles,41,339 Wendy Prairie,Leslieton,Indiana,26867,67.864755,37.6785995
Tonya Wang,31,082 Anthony Common Apt. 578,East Edward,Montana,26966,153.458230,-83.6266865
Laura Robertson DDS,76,25206 Ellison Union Apt. 163,Charlottebury,Kansas,57528,-75.880517,-53.7130105
Brian Barrett,38,3606 Lopez Forges Suite 663,West Robertshire,Hawaii,66839,-105.835294,87.130236
Becky Castro,22,1756 Monica Isle,Whiteview,North Dakota,92432,-166.375539,43.4119475
Devin Gay,26,6232 Leblanc Shores,West Becky,South Carolina,82410,131.325735,-61.7912805
Jeffrey Wise,40,0408 Smith Radial,North Douglasbury,Kentucky,75853,-39.958739,-51.5602145
Elizabeth Brown,35,312 Thomas Summit Apt. 451,Patricialand,Pennsylvania,37674,-177.467482,-78.842152
Kellie Mccoy,44,856 Cody Crest,Pearsonchester,New York,59986,38.344549,35.6348805
Mr. Chris Bridges DDS,21,640 Katherine Passage Suite 005,East Cassandra,Connecticut,60730,-116.027875,23.985073
Jacqueline Lewis,58,247 White Way,Cookstad,Wisconsin,27961,-52.609597,48.591074
Xavier Glass,58,0868 Welch Views,Lake Michelle,Washington,31253,-85.843015,-38.465763
Andrea Cunningham,37,732 Christina Throughway,Millerfort,Mississippi,53100,169.256129,-75.947598
Colleen Mckenzie,54,08944 Nicole Corners Apt. 564,Port Barbaraberg,South Dakota,23752,115.960688,-37.177060
Diana Ruiz,25,633 Tammy Lodge Apt. 141,Ryantown,Kentucky,92322,-19.913272,25.2674385
Jeremy Mullins,42,604 Nguyen Common,East Sheila,Mississippi,10863,103.908664,4.2921305
Victor Lynch,22,8083 Daniel Landing Suite 000,New Tiffanyton,California,31750,-19.251111,-20.7993185
Michael Nichols,57,79100 Garcia Island Apt. 306,North Christina,Rhode Island,65924,101.647383,-35.9108265
Brian Walker,40,0139 Owens Squares,Port Jeremyberg,Washington,37185,-164.466220,-4.4535755
Gerald Ruiz,56,6621 David Meadows Suite 778,East Loriville,Vermont,20716,-30.568224,7.358377
Jonathan Owens,28,495 Good Corners,East Lisafort,Wyoming,60487,-166.364866,47.8162655
Michael Brewer,70,10832 Higgins Ranch,East Dwayneside,Alabama,99154,-114.104848,50.8042145
Kenneth Abbott,19,01322 Kathryn Plaza,Port Rachel,New York,26042,-55.211397,33.163897
Brian Kelly,69,565 Wright Streets Apt. 222,Karenborough,Oregon,29560,-0.613787,12.744378
Stanley Foster,37,352 Taylor Point Apt. 887,New Jessica,Oklahoma,30173,-44.197210,-84.3874845
Richard Craig,27,9344 Lee Landing Suite 932,South Jamie,Montana,76810,100.857743,41.925486
Joseph Mitchell,49,334 Garrett Turnpike Suite 157,East Jamieton,Colorado,73849,-121.880757,46.3765785
David Watson,43,857 Larsen Via,Jonesville,Oklahoma,04277,-112.675274,71.9596325
Maria Turner,19,62870 Hall Lodge,Nicoleport,Pennsylvania,84336,12.522911,34.9138735
Gina Stewart,75,69542 Helen Hill Apt. 119,Maryport,Oregon,45611,175.265910,-3.3206175
Daniel Wilson,35,32336 Steven Court,West Markside,Utah,28904,-33.378295,-80.1165945
April Curry,34,6740 Brittany View Apt. 341,East Samuelside,Montana,93370,126.905878,7.285247
Keith Barrett,26,483 Bryan Roads,Youngside,Washington,90432,-55.519291,-59.6160815
Karen Benton,61,4907 Sean Village,Shelleymouth,Arizona,73720,-46.959183,-41.705517
Jaime Hernandez Jr.,54,26538 Mitchell Pine,Wendyton,Virginia,58707,58.015887,-6.3826325
Taylor Alvarado,47,37851 Denise Ranch,Lucasside,New Mexico,26281,11.877053,-82.262383
Erin Cole,70,1551 Beasley Prairie Apt. 497,West Lindabury,Michigan,67955,-127.712608,-25.9137615
Linda Hunt,69,113 Boyd Drive Suite 045,Christophermouth,Michigan,47632,-48.102597,62.882204
Tracy Anderson,51,44167 Reilly Brooks,North Johnbury,Colorado,67353,112.987340,89.8102035
Matthew Payne,25,162 Murphy Spur,East Michaelville,Delaware,95517,71.680302,-55.3531985
Hannah Nelson,67,425 Sarah Village,Blevinsland,Pennsylvania,13411,-8.095891,-11.556754
Patricia Jacobson,41,51675 Laura Pike,Thomasbury,Illinois,25037,59.911503,77.380694
Raymond Reese,38,9723 Ann Common,Smithbury,Indiana,26773,-42.556749,16.2996095
Melissa Mooney,68,4237 Ford Forest Apt. 070,Port Davidmouth,Iowa,43184,21.709421,21.1522565
Mark Johnson,32,8572 Mann Street,East Jasmineside,New Mexico,76185,40.909043,-76.9688795
Tina Neal,43,2082 Rachel Plain Apt. 969,West Brianna,Colorado,01361,-172.635345,-2.293469
Edward Perez,34,7838 Chang Ports Apt. 919,Jacobmouth,Alaska,12604,6.248018,31.358349
Brian Roberts,74,5176 Morris Ports,Abigailbury,Washington,87727,93.294643,84.701340
Alexandra Collins,35,6561 Walker Forest,South Allison,North Carolina,43466,101.182735,75.8312365
Travis Montoya,44,719 Cain Viaduct Apt. 036,Dianastad,West Virginia,51234,1.946698,53.288245
Chelsey Larson,20,2582 Hill Road Suite 867,South Todd,New Jersey,94546,-170.085767,5.2470115
Taylor Hurst,48,824 Mack Stravenue Suite 876,Franklinland,New Hampshire,94878,73.377913,37.030364
Michael Flores,78,77910 Jeremy Trace,Aliciaside,New Hampshire,28416,79.846473,-3.283497
Kyle Salas,52,2788 Brooks Station,West Tyler,Virginia,87376,40.829970,13.146922
Frank Price,46,30205 Elizabeth Valleys,New Brianborough,Idaho,71133,149.419527,23.7404335
Michael Williams,29,4252 Jennifer Centers Suite 047,South Ashley,Rhode Island,22850,-170.690600,-76.046244
Paul Hunter,37,16218 Ryan Mission Apt. 921,Foxborough,Nebraska,50194,71.560451,68.7077045
Anthony Ramirez,63,145 Gregory Shoal,Latoyafort,California,94728,-116.872324,36.6124645
Julie Blair,33,505 Patel Islands Apt. 190,West Lindashire,Idaho,73808,-174.316777,10.9129025
Robin Fernandez,51,1870 April Meadows Suite 623,New Brenda,Hawaii,04592,-7.677836,16.335919
Jennifer Hughes,70,50816 Duran Branch,Barrybury,Washington,88768,96.392770,32.778121
Amy Reed,43,54488 Jeffrey Parkways Apt. 433,Michelleside,Utah,92829,9.350976,-35.0658575
Stephanie White,29,204 Christine Roads Apt. 690,Herreramouth,New York,95024,66.573998,74.4773895
April Wright,58,53657 Valenzuela Plains Suite 530,Lake Laura,Arizona,76693,-28.326873,-54.3397155
Nicole Walsh,34,94990 Jessica Falls,Pittmanfort,Utah,56895,-115.066561,-3.996374
Mandy Nelson,46,5395 Sandra Shore,South Lisaberg,Kentucky,72416,-116.404955,18.863732
Tammy Acevedo,57,248 Melissa Forge Apt. 091,South Nicoleland,Utah,83484,-28.942034,-37.540543
Mary Santos,63,8761 Fernandez Meadow,Port Bonniemouth,Kentucky,90162,173.580304,-70.116702
Melanie Alvarado,59,68778 Taylor Manor Apt. 422,West Kenthaven,Nebraska,06611,21.386468,-13.587502
Deborah Hahn,63,5876 Harper Stream,South Jeffreyton,Nevada,80895,92.089316,67.7700705
Jason Garcia,33,207 Mccoy Springs Apt. 237,Stewartmouth,Nebraska,55770,56.447458,-63.6302995
Darrell Calderon,41,285 Robinson Burgs,Gregoryville,Michigan,49871,96.207278,-13.937571
Christopher King,68,7055 Regina Garden Apt. 381,Pamelafurt,Nevada,99658,-28.908600,-70.8750905
Tracy Kramer,20,4855 Beth Prairie Apt. 207,North Mark,Florida,95997,120.642521,-65.2516145
Ricardo Sherman,59,0467 Chen Drives,Kathrynfurt,New York,40758,-71.316406,-63.047874
Cheryl Cole,51,479 Lisa Track Suite 365,South Stephaniestad,Montana,68561,112.859867,52.9147735
Mary Adams,56,3569 Johnson Pike,East Michael,Minnesota,26500,-73.894285,62.488925
Johnny White,70,10885 Andrew Crescent Suite 992,East Rachelville,Mississippi,97931,-91.245372,6.9766975
Penny Smith,43,43120 Stephanie Drives,New Steven,Michigan,57344,143.641629,-38.837656
Lauren Scott,72,687 Torres Mills Apt. 694,West Jackport,Connecticut,62560,12.992449,-47.271572
Ann Smith,32,888 Brown Viaduct,Ericshire,Tennessee,70443,73.996357,47.6380725
Ashley Sims,46,999 Ryan Valleys Suite 281,Wilsonhaven,California,84506,-173.262439,31.111498
John Peterson,57,1431 Allen Locks Apt. 869,North Christopherville,Iowa,66188,-114.222510,10.084456
Paul Rogers,32,99891 Michael Green,New Steventon,North Carolina,64344,55.661900,29.596135
Jerry Walter,44,3485 Catherine Valleys,Port Stephen,Kansas,26234,139.429373,78.799024
Robert Sanchez MD,52,5581 Christopher Dam Apt. 334,West Christopherfurt,South Carolina,28038,68.324185,4.6104605
Ronnie Martinez,37,22555 Patricia Knolls Suite 387,West Victorialand,North Carolina,84133,-15.668033,83.9660475
Brandy Wilson,75,7177 Kari Ports Suite 841,South Harold,Delaware,65609,-86.662760,39.805456
Micheal Hernandez,61,9004 Duran Highway Suite 884,Hallside,South Dakota,48224,125.796773,-75.0567985
Susan Mclaughlin,25,05125 Carlson Estate,Morganview,Vermont,07651,-72.889726,7.1777965
Christine Rodriguez,66,3466 Garner Cliffs Suite 234,North Todd,Michigan,82366,161.186952,36.239942
Hunter Willis,21,40507 Gomez Grove Apt. 615,Camerontown,Connecticut,76362,34.255685,81.362045
William Hines DDS,32,4673 Park Isle Apt. 222,Nathanielburgh,Missouri,21555,-178.077193,-82.0292215
Erin Cruz,47,112 Daniel Mission Apt. 073,Port Alexandraburgh,Maryland,60730,64.399615,75.7956725
Kelly Barton,73,237 Adkins Manor,Armstrongmouth,Pennsylvania,73054,-72.066066,-51.276874
James Davis,20,34629 Ashley Lodge Suite 316,Tapiastad,New Mexico,66602,100.020200,-86.764402
Faith Adkins,80,49832 Miller Dam Apt. 821,East Donna,Delaware,87109,-41.646185,-49.593386
Melanie Chen,50,3102 Patrick Meadows Apt. 523,Lake Zacharyhaven,North Dakota,42995,73.106088,-59.975952
Christopher Ford,57,8476 Bryan Cove Suite 111,Port Michelle,Wisconsin,39385,-161.938727,-68.3807025
Michael Lopez,39,25057 Vincent Passage,Kennethmouth,Nevada,73013,52.322383,-47.1723055
Linda Gardner,35,769 Tami Mount Apt. 343,Lopezhaven,Tennessee,31890,56.073541,88.6155035
Rachael Carroll,37,3420 Wesley Creek Apt. 119,Lake Cameron,Oklahoma,84218,-4.352209,-31.2967735
Tracy Rodriguez,57,03786 Todd Corner,Calebtown,Montana,54495,150.486226,86.3572985
Tanner Brennan,52,433 Reynolds Green Suite 418,Andrewland,North Carolina,47656,-124.581160,-89.8669165
Julia Anthony,37,3125 Lopez Villages,New Davidmouth,West Virginia,67764,71.721263,77.495804
John Munoz,33,34647 Cole Squares,Elizabethstad,South Dakota,53318,-106.541549,-74.7645505
Ruben Barrett,43,48854 Alan Locks Suite 607,Holtview,Kansas,83646,101.199149,-27.931550
Karl Knight DVM,19,661 Brown Haven,North Kathleen,Montana,76526,-22.032171,-39.8363305
Anthony Mcdowell,69,56419 Antonio Point,Barkerhaven,Montana,61747,47.237923,-80.075088
Jason Parker,52,1426 Khan Divide,Cordovahaven,Pennsylvania,19384,11.331574,-36.5868555
Mary Cunningham,56,0411 Rangel Springs,Karenton,West Virginia,40509,-142.894332,64.6570575
Andrew Long,73,91832 Daniel Manors,West Charles,Missouri,44910,138.459056,69.3162825
Edward Fernandez,47,219 Mendoza Road Suite 533,Seanchester,Alaska,75559,18.640894,-51.5994145
Kimberly Russell,36,06096 Michael Mews Apt. 276,East Melissastad,North Dakota,67319,-37.004911,-64.428927
Ruth Reid,51,3929 Hughes Alley,West Reginatown,South Dakota,24964,-152.351009,-53.118900
Elizabeth Lopez,77,177 Lisa Ferry Apt. 435,Brooksfurt,New Jersey,22231,36.690380,42.6569635
Dr. Kristin Brooks,67,18975 Moore Point,North Donaldton,Minnesota,09290,-112.698306,-76.346120
Annette Brown,51,9417 Frank Orchard Suite 270,Benjaminburgh,Kansas,57901,-136.122650,39.7045505
Melinda Hurst,27,143 Ortiz Ridges,Gonzalezstad,Maryland,99088,-121.096880,48.792238
Christine White,22,1542 Chavez Expressway Suite 596,North Tracyfurt,Arkansas,40556,-99.649565,-35.2128985
Angela Butler,39,79177 James Passage Suite 058,New Madelineburgh,Iowa,13700,-5.710655,-55.892153
Kevin Li,27,4111 Robert Hollow Apt. 917,Wrightshire,Virginia,43076,-106.565408,67.346222
Keith Guerrero,44,71988 Barbara Extension Apt. 587,Jasonborough,Tennessee,72305,-31.246506,-16.386448
Scott Bentley,32,90078 Tucker Isle Apt. 848,Warrenfort,Alaska,72980,101.572054,-23.110694
Shannon Roberson,62,047 Jimenez Road,East Stephaniefurt,Minnesota,77594,69.880527,48.777239
Anthony Hess,45,939 Jacob Summit Apt. 279,Sandraborough,Kansas,50247,51.119052,-1.9508695
Rebecca Stokes,49,680 Pierce Rue,Zacharyside,Tennessee,33156,-170.085886,42.4380415
Carlos Brown,36,2799 Charles Street,Port Tim,Georgia,69867,38.034487,-60.775562
Jordan Bennett,35,737 Laura Glens,Jenniferfort,South Dakota,84410,90.038672,-71.4365665
Leslie Bush,62,490 Molly Courts,Harperberg,Indiana,73970,-34.203878,-66.099251
Taylor Ramos,21,964 Escobar Walk,Austinville,North Carolina,56749,115.837028,-14.3931715
Kathleen Ross,18,57779 Jared Dam,Flemingborough,Colorado,99713,-20.290325,21.9204155
Reginald Marquez,71,03723 Tricia Mountains,Jeffersonbury,Connecticut,51755,-89.328631,13.8710285
Jennifer Austin,70,8229 Anthony Meadow,Ramirezburgh,West Virginia,11192,19.472780,-6.2860415
David Flowers,37,3980 Kelly Mount,Mathewside,Maryland,97134,-153.732947,25.5640495
Nancy Edwards,35,74440 Collins Tunnel,Lake Jeremyhaven,North Carolina,97442,-81.684235,29.3902505
Jennifer Herring,39,4289 Marcia Bridge,Soniahaven,Wisconsin,15466,83.503384,58.024175
Chelsea Turner,19,5921 Elijah Hollow Apt. 271,Lake Christineside,North Dakota,96556,122.168856,8.019238
William Bryant,40,437 Michael Keys,Yufurt,Pennsylvania,06590,160.964753,-12.547859
Paula Davidson,49,808 Kaylee Mission,Markchester,Kansas,02799,-90.005091,-64.2132035
Kathy Hartman,77,616 Angela Streets Suite 853,East Chadhaven,Louisiana,94619,-4.216552,-77.256054
Richard Ramirez,62,2181 White Courts,Jaredfurt,California,46121,155.307979,-64.303463
Thomas Henderson,32,80316 Joseph Harbors,New Brian,Nebraska,66025,-90.421975,17.9538565
Karen Bailey,44,8783 Annette Row Apt. 360,Margaretfurt,Wisconsin,48998,41.771492,40.492163
George Acosta,35,1575 Helen Fort,East Jamieside,West Virginia,50761,-49.763759,-21.882476
Christine Smith,43,78619 Shaw Summit,North Cory,Mississippi,06212,113.898018,41.880378
Elizabeth Robinson,53,95454 Brenda Wells,Port Jasmineport,Illinois,92738,154.530753,-2.303736
Danielle White,41,904 Jill Crossroad Apt. 953,Meyersborough,Massachusetts,71455,7.019340,89.6271805
Bruce Ware,79,2488 Katherine Courts,Hicksstad,Alaska,87865,162.064706,-11.7489445
Pamela Hoffman,80,80145 Anderson Path,Myersburgh,Kansas,70912,35.023530,-25.268597
Scott Kelly,52,342 Nancy Highway Apt. 532,Jamesstad,Maine,65963,-123.854657,85.5275045
Emily Wilson,61,364 Green Glens,South Jacobview,Vermont,38480,-83.600750,-49.462808
Kelsey Davis,61,182 Zoe Gardens Suite 292,Ambertown,New Mexico,93671,-59.708306,43.123158
Ashley Baker,41,8761 Smith Shore,West Davidberg,Missouri,03906,80.913278,28.296697
Robin Johnson,61,87532 Giles Causeway Apt. 082,Lake Justinville,New Hampshire,38994,-157.657091,11.4345105
Tina Carter,33,64285 Turner Radial Apt. 163,Robbinsstad,Florida,35203,-161.668496,11.100715
Tristan Johnson,49,43004 Roberts Plains,Jamesstad,Minnesota,86365,-102.922166,-41.742369
Gabriel Richards,77,46674 Roman Garden Suite 022,Elizabethborough,Texas,77342,-49.461575,-45.7378305
Jason Johnson,76,874 Herring Spring Apt. 229,Christopherton,Washington,55776,-102.302308,61.4656975
Jeremy Wallace,65,43434 David Tunnel Apt. 919,New Hannahmouth,North Dakota,57123,60.840287,30.3023395
Ashley Paul,69,8665 Rodriguez Ramp Suite 173,Jacobfurt,Illinois,05424,111.530569,-57.7508725
Cheryl Lopez,27,0396 John Roads,Woodsview,Minnesota,60687,156.732440,-66.9582875
Jason Johnson,23,602 Gregory Ports,Paynehaven,Minnesota,55630,-16.449263,74.5088515
Robert Williams,34,879 Parker Turnpike,Lake Gary,Florida,60641,-28.502988,-45.705078
Brett Guerrero,50,17439 Shaw Route Suite 714,New Edward,Massachusetts,56196,161.261225,-70.3614095
Amanda Gibson,25,15768 Todd Canyon Apt. 484,North Dustin,Minnesota,75087,114.321150,-67.2322705
Sandy Mccarthy,18,23696 Adam Falls,Adamburgh,Hawaii,24049,36.359000,-36.048918
Ricardo Martinez,19,201 Emily Fields,West Lindashire,Rhode Island,45210,-99.079627,-12.1670165
Randy Murray,27,5705 Fox Crossroad Suite 544,Holtside,Arizona,91908,-46.949503,-37.659696
Tara Randolph,54,06084 Christopher Union,Jacquelinefort,Rhode Island,84086,95.009335,-28.360954
Ryan Mayo,39,50261 Andrade Pike,Gutierrezborough,Texas,55359,-78.419011,-63.658416
Rachel Rangel,38,4967 Natalie Isle,Kyleberg,Utah,70389,-103.364235,-63.478796
Mary Holland,24,07185 Lawrence Skyway Suite 163,Port Erica,Oregon,90535,159.403675,83.1745795
Alexandra Miller,41,9211 Michael Via Apt. 544,Aaronburgh,Idaho,44807,-142.832181,-80.0598375
Lee Bryant,59,180 Lindsay Ridges,East Alexchester,Idaho,05200,66.129227,46.8272065
Theresa Sims,48,81483 Martinez Flats Apt. 336,Melissaburgh,Oregon,26002,-100.420208,-80.348606
Lee Wagner,30,67693 Latasha Walks,Murraytown,Arkansas,30617,173.773539,-35.009305
Erin Robinson,50,28177 Jean Pine,Jonesmouth,Nevada,02938,-161.741838,88.7224385
Joshua Sellers,26,593 Reynolds Meadows Suite 201,Kristinaport,Ohio,73510,-13.198501,25.488247
Richard Rhodes,70,9164 Fleming Shore,Lake Courtneymouth,Oklahoma,76019,-112.288306,57.9749325
Spencer Elliott,71,6288 Smith Alley Suite 348,West Aaronmouth,North Carolina,33833,68.396286,2.641069
Randy Davila,46,181 Harrison Alley Suite 348,Port Ronaldberg,Maryland,50709,102.769088,-37.331914
Christopher Cooper,77,4423 Kristen Course Apt. 929,Margaretborough,Illinois,53717,-157.936667,42.003252
Sheryl Marshall,56,421 Crystal Trail,South Anthony,North Carolina,83384,9.548247,-54.1649125
Olivia Diaz,24,322 Leslie Mount,North Janeview,Nevada,29469,66.198242,43.3191395
Erica Ward,36,07000 Danielle Mission,Barneston,Pennsylvania,25747,123.424686,3.1371235
Francis Gibbs,62,85422 King Port Apt. 793,Gomezborough,North Carolina,50837,154.525016,-34.127829
Darrell Walters,18,27485 Kim Ports,Woodberg,New Jersey,91936,128.599187,66.8550655
Evan Robinson,62,109 Phillips Glens,South Maryfort,South Dakota,93305,16.283900,-1.809109
Gregory Davenport,55,07614 Christopher Summit,East Danielport,Delaware,37799,6.014396,75.0266935
Gary Torres,74,348 John Greens,North Dwayne,New York,28295,-73.157092,65.512478
Mariah Castillo,18,479 Jerry Inlet Apt. 764,Katherinefurt,Kentucky,59729,-24.932786,13.315392
Thomas Roberts,72,15717 Laura Drive Suite 942,East Shirley,Kansas,48722,121.707605,72.468956
Danielle Obrien,74,18460 Tamara Corners,Kevinstad,Vermont,79934,-80.777599,39.783957
Michelle Williamson,52,60313 Moreno Tunnel,Henrymouth,Michigan,44799,59.356124,-56.7968205
Aaron Bradley,49,4507 Martinez Gardens Suite 677,Juliefurt,Vermont,51736,153.008917,49.080636
Lauren Prince MD,62,4114 Monica Islands,Juarezton,Colorado,25289,-42.662737,28.8096635
Katherine Davis,28,10223 Smith Mountain,East Jessica,Tennessee,54213,78.336630,51.5791765
Maria Marquez,78,833 Christina Fort Apt. 911,South Christopherside,New Mexico,52145,-32.181201,60.086448
Brian Black,20,65730 Derek Lake,Kingbury,Georgia,54306,-36.115391,-16.8291235
Matthew Powers,34,5556 Conrad Light,East Kellybury,Minnesota,97681,83.863637,-82.1329305
Benjamin Snyder,39,24720 Patel Underpass Suite 623,Farrellfort,Washington,44709,75.361600,27.710490
Laura Duke,31,9620 Alan Cliffs Suite 552,West David,Utah,76396,7.473855,20.3277895
Michelle Riley,34,2336 Emily Shoals,Fieldsborough,Illinois,34217,-147.529862,58.932430
Francisco White,79,16675 Victoria Ranch Suite 225,Seanstad,South Carolina,06106,-102.659276,-51.944822
Philip Pineda,20,29228 Vega Prairie,Jacobmouth,Hawaii,58553,-162.643186,-75.8136835
Nicole Gonzalez,36,20248 Michael Plains Suite 065,Austinport,Nebraska,48886,8.764620,89.151255
Victoria Clarke,78,682 Bryant Route Apt. 671,Masseyside,Florida,51293,121.409562,54.3645485
Troy Thompson,63,271 Kathleen Dam,Brettstad,Georgia,84796,91.031708,-34.0882865
John Barajas,20,766 Blake Walk,Carolside,Iowa,79686,82.020112,15.1497285
Christopher Colon,50,758 Phelps Parkway,Russoview,Delaware,83670,-166.560480,-84.836432
Kaitlin Wallace,38,6659 Carpenter Inlet Apt. 440,Wardborough,Kansas,10919,-163.255051,32.115948
Theresa Watts,18,25259 Long Turnpike,Christopherberg,North Carolina,81608,21.041456,-18.7838245
Mrs. Jamie Johnson,31,0378 Johnson Mission,New Anthonymouth,Indiana,94833,50.305967,18.2947065
Stephanie Galloway,32,3048 Butler Loop Suite 723,South Susan,Washington,80002,-81.462407,-41.537030
Tanya Perez,26,17041 Herrera Port Apt. 705,Patrickborough,Alabama,29126,157.281945,-52.446656
John Martinez,40,1907 Henry Loaf,West Dillonside,Illinois,08451,-13.922906,-83.9464815
Robert Pratt,49,35909 Johnson Creek Apt. 371,South Leslie,Idaho,16054,-13.427946,-9.4652675
Bryan Mcdowell,45,7759 Dustin Oval,West Jonathan,Indiana,87918,-39.017481,53.016351
Rachel Kennedy,80,95757 Crystal Locks,Lake James,Texas,05207,-4.916695,13.119894
Gabriela Conner,62,6228 Bowers Park Suite 793,Hodgechester,Colorado,04574,-151.654863,-13.368558
Connie Stafford,42,14011 Charles Dale,Joshuatown,Indiana,10332,139.093776,59.513322
Charlotte Booth,29,58040 Sharon Drive,Yolandahaven,South Carolina,99480,11.319250,10.757854
Dr. Brenda Mitchell,76,2385 Vaughn Track Suite 450,Josephtown,Wyoming,43597,90.443681,-55.1151715
Stacey Hall,48,363 Rodney Flat Suite 624,Hernandezfurt,Kentucky,69883,-40.880013,73.884853
Jeffrey Flores,70,17870 Kent Trace,South Keith,Delaware,82290,-105.264146,26.7786195
Michael Wilson,27,60714 Donald Mountains Apt. 935,Thomasshire,Texas,67883,-23.558205,-40.0815675
Joshua Williams,24,142 Jason Stream,Robertoton,Alaska,56910,-175.824931,58.434014
Cheryl Mills,39,77039 Cole Burgs Apt. 362,Bakermouth,Nebraska,23256,123.241770,77.3322475
Deanna Donaldson,66,0947 Edwards Trail Suite 344,Taramouth,Utah,79633,150.350668,24.0043745
Mr. Jason Vargas DDS,36,42293 Kimberly Flat,Port Tylerchester,Missouri,72633,-65.499065,-85.2094995
Rhonda Price,62,4568 Hayden Wall Apt. 673,New Michaelhaven,Minnesota,02979,119.305855,-49.162901
Adam Murphy,69,7479 Jacob Brooks,Sheppardside,Nevada,17589,-0.733943,56.2193005
Albert Rosales,54,9927 Jennifer Ridge,Brianview,Illinois,56136,46.408279,11.302150
Robin Snyder,53,8273 Patricia Club Suite 516,Markmouth,North Carolina,09601,-40.202336,59.6754775
Douglas Johnson,29,3867 Kenneth Roads,South Michaelfurt,Alaska,28958,-88.139016,-77.116608
Margaret Taylor,58,63761 Roberts Centers,Zacharybury,Minnesota,58538,-129.969746,-72.098313
Megan Mitchell,40,184 Price Trail Suite 276,Curryton,Idaho,57159,-46.447020,-74.1013965
Cynthia Archer,49,18350 Tucker Springs Suite 027,Lauraport,New York,81752,-91.009848,-84.510485
Joel Fisher,61,2684 Larsen Spurs,Martinezmouth,California,00993,138.450128,-66.4007725
Frank Washington,54,1619 Denise Springs,Lake Michelleshire,Florida,46273,-6.966691,-46.8439575
Christopher Waters,55,636 Amy Row,Lake Sara,Kentucky,15201,69.588481,-79.814577
Marcus Peterson,34,356 Valerie Streets,Julieburgh,West Virginia,21603,125.389937,57.802526
Melissa Jacobs,65,109 Rowland Field,Westmouth,West Virginia,57984,30.355763,-6.732497
Abigail White,62,662 Reid Ports,Greenberg,Nevada,52605,-69.014548,80.048244
Susan Long,51,93503 Logan Squares,South Sharon,Mississippi,82919,124.386242,-87.368393
Madison Hoover,29,75532 Lisa Points,Port Steveborough,Minnesota,50631,-152.515651,8.497440
Donald Garcia,51,29602 Carolyn Crossroad,Andrewfurt,Kentucky,82004,-41.132486,73.4094505
Diane Jones,72,810 Townsend Radial,South David,Connecticut,94862,-22.810646,6.7099945
Justin Miller,36,63266 House Club Apt. 641,Lake Jerry,Idaho,63902,-60.758771,-68.340974
Kevin Herrera,56,89071 Barker Flat Apt. 120,New Robert,Louisiana,99148,-97.081879,16.9572585
Michael Strickland,74,6713 Christina Spurs,Port Jonburgh,Texas,32250,-96.827294,-28.8177765
Kyle Larson,45,823 Simmons Garden Apt. 785,Justinstad,Nebraska,23641,86.300746,86.8790115
Jacqueline Elliott,79,98368 Jackson Mountains Suite 705,Harveyborough,Maryland,49997,-50.239716,-62.350196
Nicholas Murphy,55,9629 Richardson Road Apt. 893,Port Jessicahaven,Minnesota,88547,-4.740470,-38.941766
Ashlee Cortez,63,2123 Sheryl Underpass,Rodneyside,Delaware,18329,-95.740678,83.539235
Francis Kelly,46,285 Mathis Villages Suite 208,New Tina,Wisconsin,54730,111.720366,-11.728303
Kristina Vega,30,013 Baker Keys Suite 718,West Jessica,North Carolina,31826,-165.349681,-36.6669915
Jamie Stevens,45,315 Hill Crossing Apt. 650,North Amberview,Iowa,85811,-18.107629,7.7515195
David Trujillo,49,54237 Thompson Locks Apt. 981,Lake Robert,Hawaii,37355,-80.444405,-30.894527
